title,location,deposit,rent,link
مشاور املاک سبلان. ( شهرک مرتضی گرد.) املاک سبلان,در دولتخواه,"ودیعه: ۵۰,۰۰۰,۰۰۰ تومان","اجاره: ۶,۰۰۰,۰۰۰ تومان",https://divar.ir/v/%D9%85%D8%B4%D8%A7%D9%88%D8%B1-%D8%A7%D9%85%D9%84%D8%A7%DA%A9-%D8%B3%D8%A8%D9%84%D8%A7%D9%86-%D8%B4%D9%87%D8%B1%DA%A9-%D9%85%D8%B1%D8%AA%D8%B6%DB%8C-%DA%AF%D8%B1%D8%AF-%D8%A7%D9%85%D9%84%D8%A7%DA%A9-%D8%B3%D8%A8%D9%84%D8%A7%D9%86/AaoAk04t
شهرارا مجتمع نسترن ۱۱۰متر ۳خوابه,مشاور صابونچی در شهرآرا,"ودیعه: ۲,۰۰۰,۰۰۰,۰۰۰ تومان","اجاره: ۳,۰۰۰,۰۰۰ تومان",https://divar.ir/v/%D8%B4%D9%87%D8%B1%D8%A7%D8%B1%D8%A7-%D9%85%D8%AC%D8%AA%D9%85%D8%B9-%D9%86%D8%B3%D8%AA%D8%B1%D9%86-%DB%B1%DB%B1%DB%B0%D9%85%D8%AA%D8%B1-%DB%B3%D8%AE%D9%88%D8%A7%D8%A8%D9%87/AasIaUMX
رهن خانه ویلایی ۴۰۰ متری ۵ خوابه در مرزداران,آژانس املاک مدرن2 در مرزداران,"ودیعه: ۷,۰۰۰,۰۰۰,۰۰۰ تومان",رهن کامل,https://divar.ir/v/%D8%B1%D9%87%D9%86-%D8%AE%D8%A7%D9%86%D9%87-%D9%88%DB%8C%D9%84%D8%A7%DB%8C%DB%8C-%DB%B4%DB%B0%DB%B0-%D9%85%D8%AA%D8%B1%DB%8C-%DB%B5-%D8%AE%D9%88%D8%A7%D8%A8%D9%87-%D8%AF%D8%B1-%D9%85%D8%B1%D8%B2%D8%AF%D8%A7%D8%B1%D8%A7%D9%86/Aaz0wbsk
رهن خانه,۱ ساعت پیش در کوثر,"ودیعه: ۴۵,۰۰۰,۰۰۰ تومان","اجاره: ۱,۰۰۰,۰۰۰ تومان",https://divar.ir/v/%D8%B1%D9%87%D9%86-%D8%AE%D8%A7%D9%86%D9%87/AazsA9nl
فوری واحد نقلی مجردی و خانواده,۱ ساعت پیش در دکتر هوشیار,"ودیعه: ۳۵۰,۰۰۰,۰۰۰ تومان",رهن کامل,https://divar.ir/v/%D9%81%D9%88%D8%B1%DB%8C-%D9%88%D8%A7%D8%AD%D8%AF-%D9%86%D9%82%D9%84%DB%8C-%D9%85%D8%AC%D8%B1%D8%AF%DB%8C-%D9%88-%D8%AE%D8%A7%D9%86%D9%88%D8%A7%D8%AF%D9%87/Aazowr0z
خانه دوطبقه دربست تقی اباد شهرری,در ظهیرآباد,"ودیعه: ۶۰۰,۰۰۰,۰۰۰ تومان","اجاره: ۴,۰۰۰,۰۰۰ تومان",https://divar.ir/v/%D8%AE%D8%A7%D9%86%D9%87-%D8%AF%D9%88%D8%B7%D8%A8%D9%82%D9%87-%D8%AF%D8%B1%D8%A8%D8%B3%D8%AA-%D8%AA%D9%82%DB%8C-%D8%A7%D8%A8%D8%A7%D8%AF-%D8%B4%D9%87%D8%B1%D8%B1%DB%8C/Aao0sBw8
اجاره خانه ویلایی ۵۰ متری ۱ خوابه در خلیج فارس,۱ ساعت پیش در خلیج فارس,"ودیعه: ۲۰۰,۰۰۰,۰۰۰ تومان","اجاره: ۵,۵۰۰,۰۰۰ تومان",https://divar.ir/v/%D8%A7%D8%AC%D8%A7%D8%B1%D9%87-%D8%AE%D8%A7%D9%86%D9%87-%D9%88%DB%8C%D9%84%D8%A7%DB%8C%DB%8C-%DB%B5%DB%B0-%D9%85%D8%AA%D8%B1%DB%8C-%DB%B1-%D8%AE%D9%88%D8%A7%D8%A8%D9%87-%D8%AF%D8%B1-%D8%AE%D9%84%DB%8C%D8%AC-%D9%81%D8%A7%D8%B1%D8%B3/AazYQUdd
۷۰۰ متر مستغلات ۹ اتاق ۴ بالکن ۸ پارکینگ,آژانس توسعه کار آفرین در میرداماد,"ودیعه: ۴,۰۰۰,۰۰۰,۰۰۰ تومان","اجاره: ۴۸۰,۰۰۰,۰۰۰ تومان",https://divar.ir/v/%DB%B7%DB%B0%DB%B0-%D9%85%D8%AA%D8%B1-%D9%85%D8%B3%D8%AA%D8%BA%D9%84%D8%A7%D8%AA-%DB%B9-%D8%A7%D8%AA%D8%A7%D9%82-%DB%B4-%D8%A8%D8%A7%D9%84%DA%A9%D9%86-%DB%B8-%D9%BE%D8%A7%D8%B1%DA%A9%DB%8C%D9%86%DA%AF/Aao0nUa9
اجاره خانه ویلایی ۵۰ متری ۱ خوابه در تهران‌سر,۱ ساعت پیش در تهران‌سر,"ودیعه: ۲۰۰,۰۰۰,۰۰۰ تومان","اجاره: ۴,۰۰۰,۰۰۰ تومان",https://divar.ir/v/%D8%A7%D8%AC%D8%A7%D8%B1%D9%87-%D8%AE%D8%A7%D9%86%D9%87-%D9%88%DB%8C%D9%84%D8%A7%DB%8C%DB%8C-%DB%B5%DB%B0-%D9%85%D8%AA%D8%B1%DB%8C-%DB%B1-%D8%AE%D9%88%D8%A7%D8%A8%D9%87-%D8%AF%D8%B1-%D8%AA%D9%87%D8%B1%D8%A7%D9%86-%D8%B3%D8%B1/AazUAkyA
مطهری ترکمنستان250 متر زمین350متر بنا خارج از طرح,۱ ساعت پیش در سهروردی,"ودیعه: ۱,۵۰۰,۰۰۰,۰۰۰ تومان","اجاره: ۱۵۰,۰۰۰,۰۰۰ تومان",https://divar.ir/v/%D9%85%D8%B7%D9%87%D8%B1%DB%8C-%D8%AA%D8%B1%DA%A9%D9%85%D9%86%D8%B3%D8%AA%D8%A7%D9%86250-%D9%85%D8%AA%D8%B1-%D8%B2%D9%85%DB%8C%D9%86350%D9%85%D8%AA%D8%B1-%D8%A8%D9%86%D8%A7-%D8%AE%D8%A7%D8%B1%D8%AC-%D8%A7%D8%B2-%D8%B7%D8%B1%D8%AD/AazUAKjQ
ویلای خاص و دلبر نیاوران/جایی برای سکونت,کارگزاری املاک پرستیژ نیاوران در نیاوران,"ودیعه: ۲,۰۰۰,۰۰۰,۰۰۰ تومان","اجاره: ۴۵۰,۰۰۰,۰۰۰ تومان",https://divar.ir/v/%D9%88%DB%8C%D9%84%D8%A7%DB%8C-%D8%AE%D8%A7%D8%B5-%D9%88-%D8%AF%D9%84%D8%A8%D8%B1-%D9%86%DB%8C%D8%A7%D9%88%D8%B1%D8%A7%D9%86-%D8%AC%D8%A7%DB%8C%DB%8C-%D8%A8%D8%B1%D8%A7%DB%8C-%D8%B3%DA%A9%D9%88%D9%86%D8%AA/AazQgcjP
۲۰۰متر مستغلات /سیمون بلیوار /مناسب مشاغل کم تردد,آژانس مسکن بزرگ ماد در پونک,"ودیعه: ۱,۰۰۰,۰۰۰,۰۰۰ تومان","اجاره: ۱۳۰,۰۰۰,۰۰۰ تومان",https://divar.ir/v/%DB%B2%DB%B0%DB%B0%D9%85%D8%AA%D8%B1-%D9%85%D8%B3%D8%AA%D8%BA%D9%84%D8%A7%D8%AA-%D8%B3%DB%8C%D9%85%D9%88%D9%86-%D8%A8%D9%84%DB%8C%D9%88%D8%A7%D8%B1-%D9%85%D9%86%D8%A7%D8%B3%D8%A8-%D9%85%D8%B4%D8%A7%D8%BA%D9%84-%DA%A9%D9%85-%D8%AA%D8%B1%D8%AF%D8%AF/AazMQt3O
رهن خانه ویلایی ۷۰۰ متری ۵ خوابه در نیاوران,گروه مشاورین املاک ارتباط  در نیاوران,"ودیعه: ۳۰,۰۰۰,۰۰۰,۰۰۰ تومان",رهن کامل,https://divar.ir/v/%D8%B1%D9%87%D9%86-%D8%AE%D8%A7%D9%86%D9%87-%D9%88%DB%8C%D9%84%D8%A7%DB%8C%DB%8C-%DB%B7%DB%B0%DB%B0-%D9%85%D8%AA%D8%B1%DB%8C-%DB%B5-%D8%AE%D9%88%D8%A7%D8%A8%D9%87-%D8%AF%D8%B1-%D9%86%DB%8C%D8%A7%D9%88%D8%B1%D8%A7%D9%86/AayI8QUx
مطهری ترکمنستان500 متر زمین650 متر بنا خارج از طرح,۱ ساعت پیش در سهروردی,"ودیعه: ۳۰۰,۰۰۰,۰۰۰ تومان","اجاره: ۳۰۰,۰۰۰,۰۰۰ تومان",https://divar.ir/v/%D9%85%D8%B7%D9%87%D8%B1%DB%8C-%D8%AA%D8%B1%DA%A9%D9%85%D9%86%D8%B3%D8%AA%D8%A7%D9%86500-%D9%85%D8%AA%D8%B1-%D8%B2%D9%85%DB%8C%D9%86650-%D9%85%D8%AA%D8%B1-%D8%A8%D9%86%D8%A7-%D8%AE%D8%A7%D8%B1%D8%AC-%D8%A7%D8%B2-%D8%B7%D8%B1%D8%AD/AazMAN8w
اجاره خانه ویلایی ۸۰۰ متری ۵ خوابه در پاسداران,آژانس مسکن سیب در پاسداران,"ودیعه: ۵,۰۰۰,۰۰۰,۰۰۰ تومان","اجاره: ۳۵۰,۰۰۰,۰۰۰ تومان",https://divar.ir/v/%D8%A7%D8%AC%D8%A7%D8%B1%D9%87-%D8%AE%D8%A7%D9%86%D9%87-%D9%88%DB%8C%D9%84%D8%A7%DB%8C%DB%8C-%DB%B8%DB%B0%DB%B0-%D9%85%D8%AA%D8%B1%DB%8C-%DB%B5-%D8%AE%D9%88%D8%A7%D8%A8%D9%87-%D8%AF%D8%B1-%D9%BE%D8%A7%D8%B3%D8%AF%D8%A7%D8%B1%D8%A7%D9%86/AaskS9PI
خانه ویلایی,۲ ساعت پیش در طیب,"ودیعه: ۷۵۰,۰۰۰,۰۰۰ تومان","اجاره: ۱۰۰,۰۰۰ تومان",https://divar.ir/v/%D8%AE%D8%A7%D9%86%D9%87-%D9%88%DB%8C%D9%84%D8%A7%DB%8C%DB%8C/Aay0Pc7D
اجاره خانه ویلایی ۴۰ متری ۲ خوابه در مولوی,۲ ساعت پیش در مولوی,"ودیعه: ۱۰۰,۰۰۰,۰۰۰ تومان","اجاره: ۸,۰۰۰,۰۰۰ تومان",https://divar.ir/v/%D8%A7%D8%AC%D8%A7%D8%B1%D9%87-%D8%AE%D8%A7%D9%86%D9%87-%D9%88%DB%8C%D9%84%D8%A7%DB%8C%DB%8C-%DB%B4%DB%B0-%D9%85%D8%AA%D8%B1%DB%8C-%DB%B2-%D8%AE%D9%88%D8%A7%D8%A8%D9%87-%D8%AF%D8%B1-%D9%85%D9%88%D9%84%D9%88%DB%8C/Aaysf6cW
خانه دربستی ۶۰ متر,۲ ساعت پیش در مینابی,"ودیعه: ۲۵۰,۰۰۰,۰۰۰ تومان","اجاره: ۴,۵۰۰,۰۰۰ تومان",https://divar.ir/v/%D8%AE%D8%A7%D9%86%D9%87-%D8%AF%D8%B1%D8%A8%D8%B3%D8%AA%DB%8C-%DB%B6%DB%B0-%D9%85%D8%AA%D8%B1/AayUOKvw
مستقلات دربست دارای سه واحد ۱۰۵متری ۲خواب,در شهرک نفت (منطقه ۱),"ودیعه: ۵,۵۰۰,۰۰۰,۰۰۰ تومان","اجاره: ۱۰۰,۰۰۰ تومان",https://divar.ir/v/%D9%85%D8%B3%D8%AA%D9%82%D9%84%D8%A7%D8%AA-%D8%AF%D8%B1%D8%A8%D8%B3%D8%AA-%D8%AF%D8%A7%D8%B1%D8%A7%DB%8C-%D8%B3%D9%87-%D9%88%D8%A7%D8%AD%D8%AF-%DB%B1%DB%B0%DB%B5%D9%85%D8%AA%D8%B1%DB%8C-%DB%B2%D8%AE%D9%88%D8%A7%D8%A8/Aai0eU_i
اجاره خانه ویلایی ۶۰ متری ۱ خوابه در شهادت,۲ ساعت پیش در شهادت,"ودیعه: ۳۰۰,۰۰۰,۰۰۰ تومان","اجاره: ۸,۰۰۰,۰۰۰ تومان",https://divar.ir/v/%D8%A7%D8%AC%D8%A7%D8%B1%D9%87-%D8%AE%D8%A7%D9%86%D9%87-%D9%88%DB%8C%D9%84%D8%A7%DB%8C%DB%8C-%DB%B6%DB%B0-%D9%85%D8%AA%D8%B1%DB%8C-%DB%B1-%D8%AE%D9%88%D8%A7%D8%A8%D9%87-%D8%AF%D8%B1-%D8%B4%D9%87%D8%A7%D8%AF%D8%AA/AaykPTz5
ویلایی/اداری مسکونی ۲طبقه با پارکینگ دهکده چشمه,۲ ساعت پیش در دهکده المپیک,"ودیعه: ۳,۰۰۰,۰۰۰,۰۰۰ تومان","اجاره: ۱۵,۰۰۰,۰۰۰ تومان",https://divar.ir/v/%D9%88%DB%8C%D9%84%D8%A7%DB%8C%DB%8C-%D8%A7%D8%AF%D8%A7%D8%B1%DB%8C-%D9%85%D8%B3%DA%A9%D9%88%D9%86%DB%8C-%DB%B2%D8%B7%D8%A8%D9%82%D9%87-%D8%A8%D8%A7-%D9%BE%D8%A7%D8%B1%DA%A9%DB%8C%D9%86%DA%AF-%D8%AF%D9%87%DA%A9%D8%AF%D9%87-%DA%86%D8%B4%D9%85%D9%87/AaygvUeh
اجاره خانه ویلایی ۶۰ متری ۲ خوابه در نازی‌آباد,در نازی‌آباد,"ودیعه: ۵۰۰,۰۰۰,۰۰۰ تومان","اجاره: ۲,۰۰۰,۰۰۰ تومان",https://divar.ir/v/%D8%A7%D8%AC%D8%A7%D8%B1%D9%87-%D8%AE%D8%A7%D9%86%D9%87-%D9%88%DB%8C%D9%84%D8%A7%DB%8C%DB%8C-%DB%B6%DB%B0-%D9%85%D8%AA%D8%B1%DB%8C-%DB%B2-%D8%AE%D9%88%D8%A7%D8%A8%D9%87-%D8%AF%D8%B1-%D9%86%D8%A7%D8%B2%DB%8C-%D8%A2%D8%A8%D8%A7%D8%AF/Aas0h5Qy
رهن خانه ویلایی ۱۶۸ متری ۳ خوابه در شهرک غرب,املاک ملل شهرک غرب  در شهرک غرب,"ودیعه: ۵,۰۰۰,۰۰۰,۰۰۰ تومان",رهن کامل,https://divar.ir/v/%D8%B1%D9%87%D9%86-%D8%AE%D8%A7%D9%86%D9%87-%D9%88%DB%8C%D9%84%D8%A7%DB%8C%DB%8C-%DB%B1%DB%B6%DB%B8-%D9%85%D8%AA%D8%B1%DB%8C-%DB%B3-%D8%AE%D9%88%D8%A7%D8%A8%D9%87-%D8%AF%D8%B1-%D8%B4%D9%87%D8%B1%DA%A9-%D8%BA%D8%B1%D8%A8/AaycfnG2
ویلا150متر بالکن قابل چیدمان فول بازسازی شهرک غرب,آژانس مثلث در ایوانک,"ودیعه: ۱,۵۰۰,۰۰۰,۰۰۰ تومان","اجاره: ۱۳۵,۰۰۰,۰۰۰ تومان",https://divar.ir/v/%D9%88%DB%8C%D9%84%D8%A7150%D9%85%D8%AA%D8%B1-%D8%A8%D8%A7%D9%84%DA%A9%D9%86-%D9%82%D8%A7%D8%A8%D9%84-%DA%86%DB%8C%D8%AF%D9%85%D8%A7%D9%86-%D9%81%D9%88%D9%84-%D8%A8%D8%A7%D8%B2%D8%B3%D8%A7%D8%B2%DB%8C-%D8%B4%D9%87%D8%B1%DA%A9-%D8%BA%D8%B1%D8%A8/AaRktg53
اجاره خانه ویلایی ۸۰ متری ۴ خوابه در آذری,املاک باستان در آذری,"ودیعه: ۴۵۰,۰۰۰,۰۰۰ تومان",رهن کامل,https://divar.ir/v/%D8%A7%D8%AC%D8%A7%D8%B1%D9%87-%D8%AE%D8%A7%D9%86%D9%87-%D9%88%DB%8C%D9%84%D8%A7%DB%8C%DB%8C-%DB%B8%DB%B0-%D9%85%D8%AA%D8%B1%DB%8C-%DB%B4-%D8%AE%D9%88%D8%A7%D8%A8%D9%87-%D8%AF%D8%B1-%D8%A2%D8%B0%D8%B1%DB%8C/AaTISnB0
اجاره خانه ویلایی فرمانیه /استخردار,اینستاگرام خونه کلنگی در فرمانیه,"ودیعه: ۴,۰۰۰,۰۰۰,۰۰۰ تومان","اجاره: ۶۰۰,۰۰۰,۰۰۰ تومان",https://divar.ir/v/%D8%A7%D8%AC%D8%A7%D8%B1%D9%87-%D8%AE%D8%A7%D9%86%D9%87-%D9%88%DB%8C%D9%84%D8%A7%DB%8C%DB%8C-%D9%81%D8%B1%D9%85%D8%A7%D9%86%DB%8C%D9%87-%D8%A7%D8%B3%D8%AA%D8%AE%D8%B1%D8%AF%D8%A7%D8%B1/AayYfQ1b
زعفرانیه ۷۵۰متر/مستغلات/بازسازی کامل,املاک بوستان زعفرانیه در زعفرانیه,"ودیعه: ۱۵,۰۰۰,۰۰۰,۰۰۰ تومان","اجاره: ۴۵۰,۰۰۰,۰۰۰ تومان",https://divar.ir/v/%D8%B2%D8%B9%D9%81%D8%B1%D8%A7%D9%86%DB%8C%D9%87-%DB%B7%DB%B5%DB%B0%D9%85%D8%AA%D8%B1-%D9%85%D8%B3%D8%AA%D8%BA%D9%84%D8%A7%D8%AA-%D8%A8%D8%A7%D8%B2%D8%B3%D8%A7%D8%B2%DB%8C-%DA%A9%D8%A7%D9%85%D9%84/AayUf_v7
الهیه/۸۰۰متر ویلایی/کارو سکونت,آژانس املاک ایران سرای فرشته در الهیه,"ودیعه: ۲,۰۰۰,۰۰۰,۰۰۰ تومان","اجاره: ۸۳۰,۰۰۰,۰۰۰ تومان",https://divar.ir/v/%D8%A7%D9%84%D9%87%DB%8C%D9%87-%DB%B8%DB%B0%DB%B0%D9%85%D8%AA%D8%B1-%D9%88%DB%8C%D9%84%D8%A7%DB%8C%DB%8C-%DA%A9%D8%A7%D8%B1%D9%88-%D8%B3%DA%A9%D9%88%D9%86%D8%AA/AaggjHfF
اقدسیه ازگل ویلایی /۵۰۰ متر,مسکن ۷ در ازگل,"ودیعه: ۳,۰۰۰,۰۰۰,۰۰۰ تومان","اجاره: ۳۰۰,۰۰۰,۰۰۰ تومان",https://divar.ir/v/%D8%A7%D9%82%D8%AF%D8%B3%DB%8C%D9%87-%D8%A7%D8%B2%DA%AF%D9%84-%D9%88%DB%8C%D9%84%D8%A7%DB%8C%DB%8C-%DB%B5%DB%B0%DB%B0-%D9%85%D8%AA%D8%B1/AaEM_jCO
آپارتمان ۱۰۳متری دوخواب,در شهادت,"ودیعه: ۱,۲۰۰,۰۰۰,۰۰۰ تومان",رهن کامل,https://divar.ir/v/%D8%A2%D9%BE%D8%A7%D8%B1%D8%AA%D9%85%D8%A7%D9%86-%DB%B1%DB%B0%DB%B3%D9%85%D8%AA%D8%B1%DB%8C-%D8%AF%D9%88%D8%AE%D9%88%D8%A7%D8%A8/AapMurq6
اجاره خانه ویلایی 3/5 طبقه دربستی,املاک مقدم در شهرک شریعتی,"ودیعه: ۱,۲۰۰,۰۰۰,۰۰۰ تومان","اجاره: ۱۰۰,۰۰۰ تومان",https://divar.ir/v/%D8%A7%D8%AC%D8%A7%D8%B1%D9%87-%D8%AE%D8%A7%D9%86%D9%87-%D9%88%DB%8C%D9%84%D8%A7%DB%8C%DB%8C-3-5-%D8%B7%D8%A8%D9%82%D9%87-%D8%AF%D8%B1%D8%A8%D8%B3%D8%AA%DB%8C/Aay8eww3
دولت/۳۰۰متر/ دربست/دوبلکس/۶اتاق,آژانس مسکن کلبه در درب دوم,"ودیعه: ۲,۰۰۰,۰۰۰,۰۰۰ تومان","اجاره: ۲۵۰,۰۰۰,۰۰۰ تومان",https://divar.ir/v/%D8%AF%D9%88%D9%84%D8%AA-%DB%B3%DB%B0%DB%B0%D9%85%D8%AA%D8%B1-%D8%AF%D8%B1%D8%A8%D8%B3%D8%AA-%D8%AF%D9%88%D8%A8%D9%84%DA%A9%D8%B3-%DB%B6%D8%A7%D8%AA%D8%A7%D9%82/Aay8eRkD
اجاره خانه ویلایی ۱۶۸ متری ۳ خوابه در شهرک غرب,آژانس مسکن نمونه شهرک در شهرک غرب,"ودیعه: ۳,۰۰۰,۰۰۰,۰۰۰ تومان","اجاره: ۶۰,۰۰۰,۰۰۰ تومان",https://divar.ir/v/%D8%A7%D8%AC%D8%A7%D8%B1%D9%87-%D8%AE%D8%A7%D9%86%D9%87-%D9%88%DB%8C%D9%84%D8%A7%DB%8C%DB%8C-%DB%B1%DB%B6%DB%B8-%D9%85%D8%AA%D8%B1%DB%8C-%DB%B3-%D8%AE%D9%88%D8%A7%D8%A8%D9%87-%D8%AF%D8%B1-%D8%B4%D9%87%D8%B1%DA%A9-%D8%BA%D8%B1%D8%A8/Aay4O_tl
205 متر ویلایی کیلید نخورده شهرک غرب,آژانس مثلث در ایوانک,"ودیعه: ۲,۰۰۰,۰۰۰,۰۰۰ تومان","اجاره: ۱۸۰,۰۰۰,۰۰۰ تومان",https://divar.ir/v/205-%D9%85%D8%AA%D8%B1-%D9%88%DB%8C%D9%84%D8%A7%DB%8C%DB%8C-%DA%A9%DB%8C%D9%84%DB%8C%D8%AF-%D9%86%D8%AE%D9%88%D8%B1%D8%AF%D9%87-%D8%B4%D9%87%D8%B1%DA%A9-%D8%BA%D8%B1%D8%A8/AaykeAMF
۱۸۵ متر و ۳ خوابه ویلایی و شیک ظفر نونهالان,مشاور موزونی در زرگنده,"ودیعه: ۵۰۰,۰۰۰,۰۰۰ تومان","اجاره: ۵۵,۰۰۰,۰۰۰ تومان",https://divar.ir/v/%DB%B1%DB%B8%DB%B5-%D9%85%D8%AA%D8%B1-%D9%88-%DB%B3-%D8%AE%D9%88%D8%A7%D8%A8%D9%87-%D9%88%DB%8C%D9%84%D8%A7%DB%8C%DB%8C-%D9%88-%D8%B4%DB%8C%DA%A9-%D8%B8%D9%81%D8%B1-%D9%86%D9%88%D9%86%D9%87%D8%A7%D9%84%D8%A7%D9%86/Aad05Tzt
خانه ویلایی ۳۵ متری ۱ خوابه در خانی‌آباد,۳ ساعت پیش در خانی‌آباد,"ودیعه: ۵۰,۰۰۰,۰۰۰ تومان","اجاره: ۶,۵۰۰,۰۰۰ تومان",https://divar.ir/v/%D8%AE%D8%A7%D9%86%D9%87-%D9%88%DB%8C%D9%84%D8%A7%DB%8C%DB%8C-%DB%B3%DB%B5-%D9%85%D8%AA%D8%B1%DB%8C-%DB%B1-%D8%AE%D9%88%D8%A7%D8%A8%D9%87-%D8%AF%D8%B1-%D8%AE%D8%A7%D9%86%DB%8C-%D8%A2%D8%A8%D8%A7%D8%AF/Aay0Ow0J
اجاره خانه ویلایی ۴۵ متری ۱ خوابه در اتابک,۳ ساعت پیش در اتابک,"ودیعه: ۱۲۰,۰۰۰,۰۰۰ تومان","اجاره: ۳,۰۰۰,۰۰۰ تومان",https://divar.ir/v/%D8%A7%D8%AC%D8%A7%D8%B1%D9%87-%D8%AE%D8%A7%D9%86%D9%87-%D9%88%DB%8C%D9%84%D8%A7%DB%8C%DB%8C-%DB%B4%DB%B5-%D9%85%D8%AA%D8%B1%DB%8C-%DB%B1-%D8%AE%D9%88%D8%A7%D8%A8%D9%87-%D8%AF%D8%B1-%D8%A7%D8%AA%D8%A7%D8%A8%DA%A9/Aay4eEi0
اجاره خانه ویلایی ۲۷۰ متری ۵ خوابه در پونک,آژانس گروه مشاورین املاک صبح امید در پونک,"ودیعه: ۱,۰۰۰,۰۰۰,۰۰۰ تومان","اجاره: ۱۳۵,۰۰۰,۰۰۰ تومان",https://divar.ir/v/%D8%A7%D8%AC%D8%A7%D8%B1%D9%87-%D8%AE%D8%A7%D9%86%D9%87-%D9%88%DB%8C%D9%84%D8%A7%DB%8C%DB%8C-%DB%B2%DB%B7%DB%B0-%D9%85%D8%AA%D8%B1%DB%8C-%DB%B5-%D8%AE%D9%88%D8%A7%D8%A8%D9%87-%D8%AF%D8%B1-%D9%BE%D9%88%D9%86%DA%A9/AaqYPhmc
زیرزمین 40متری یک خوابه,۳ ساعت پیش در اوقاف,"ودیعه: ۲۰۰,۰۰۰,۰۰۰ تومان","اجاره: ۷,۰۰۰,۰۰۰ تومان",https://divar.ir/v/%D8%B2%DB%8C%D8%B1%D8%B2%D9%85%DB%8C%D9%86-40%D9%85%D8%AA%D8%B1%DB%8C-%DB%8C%DA%A9-%D8%AE%D9%88%D8%A7%D8%A8%D9%87/Aay0uvjm
اجاره خانه ویلایی ۴۵۰ متری دوبلکس در شهرک غرب,آژانس مثلث در شهرک غرب,"ودیعه: ۴,۰۰۰,۰۰۰,۰۰۰ تومان","اجاره: ۴۵۰,۰۰۰,۰۰۰ تومان",https://divar.ir/v/%D8%A7%D8%AC%D8%A7%D8%B1%D9%87-%D8%AE%D8%A7%D9%86%D9%87-%D9%88%DB%8C%D9%84%D8%A7%DB%8C%DB%8C-%DB%B4%DB%B5%DB%B0-%D9%85%D8%AA%D8%B1%DB%8C-%D8%AF%D9%88%D8%A8%D9%84%DA%A9%D8%B3-%D8%AF%D8%B1-%D8%B4%D9%87%D8%B1%DA%A9-%D8%BA%D8%B1%D8%A8/Aaa8xbiY
اجاره خانه ویلایی ۶۰ متری 2 خوابه در شهرک شریعتی,املاک مقدم در شهرک شریعتی,"ودیعه: ۶۰۰,۰۰۰,۰۰۰ تومان","اجاره: ۱۴,۰۰۰,۰۰۰ تومان",https://divar.ir/v/%D8%A7%D8%AC%D8%A7%D8%B1%D9%87-%D8%AE%D8%A7%D9%86%D9%87-%D9%88%DB%8C%D9%84%D8%A7%DB%8C%DB%8C-%DB%B6%DB%B0-%D9%85%D8%AA%D8%B1%DB%8C-2-%D8%AE%D9%88%D8%A7%D8%A8%D9%87-%D8%AF%D8%B1-%D8%B4%D9%87%D8%B1%DA%A9-%D8%B4%D8%B1%DB%8C%D8%B9%D8%AA%DB%8C/Aakw0Fyi
بر خیابان سمیه 450 متر زمین 480 متر بنا دربستی,۳ ساعت پیش در نجات اللهی,"ودیعه: ۴,۰۰۰,۰۰۰,۰۰۰ تومان","اجاره: ۲۲۰,۰۰۰,۰۰۰ تومان",https://divar.ir/v/%D8%A8%D8%B1-%D8%AE%DB%8C%D8%A7%D8%A8%D8%A7%D9%86-%D8%B3%D9%85%DB%8C%D9%87-450-%D9%85%D8%AA%D8%B1-%D8%B2%D9%85%DB%8C%D9%86-480-%D9%85%D8%AA%D8%B1-%D8%A8%D9%86%D8%A7-%D8%AF%D8%B1%D8%A8%D8%B3%D8%AA%DB%8C/AaywO8RX
اجاره خانه ویلایی ۹۰۰ متری ۵ خوابه در شهرک غرب,مشاور فدایی در شهرک غرب,"ودیعه: ۵,۰۰۰,۰۰۰,۰۰۰ تومان","اجاره: ۵۰۰,۰۰۰,۰۰۰ تومان",https://divar.ir/v/%D8%A7%D8%AC%D8%A7%D8%B1%D9%87-%D8%AE%D8%A7%D9%86%D9%87-%D9%88%DB%8C%D9%84%D8%A7%DB%8C%DB%8C-%DB%B9%DB%B0%DB%B0-%D9%85%D8%AA%D8%B1%DB%8C-%DB%B5-%D8%AE%D9%88%D8%A7%D8%A8%D9%87-%D8%AF%D8%B1-%D8%B4%D9%87%D8%B1%DA%A9-%D8%BA%D8%B1%D8%A8/wZw7PP6J
۱۲۰۰ متر بنای نو ساز,املاک گلزار  در شهرک محلاتی,"ودیعه: ۱۰,۰۰۰,۰۰۰,۰۰۰ تومان","اجاره: ۱۰۰,۰۰۰ تومان",https://divar.ir/v/%DB%B1%DB%B2%DB%B0%DB%B0-%D9%85%D8%AA%D8%B1-%D8%A8%D9%86%D8%A7%DB%8C-%D9%86%D9%88-%D8%B3%D8%A7%D8%B2/AayguhGh
۲۵۰ متر ، دوبلکس ، تاپ لوکیشن نیاوران,آژانس املاک باران اندرزگو در نیاوران,"ودیعه: ۱,۰۰۰,۰۰۰,۰۰۰ تومان","اجاره: ۱۲۰,۰۰۰,۰۰۰ تومان",https://divar.ir/v/%DB%B2%DB%B5%DB%B0-%D9%85%D8%AA%D8%B1-%D8%AF%D9%88%D8%A8%D9%84%DA%A9%D8%B3-%D8%AA%D8%A7%D9%BE-%D9%84%D9%88%DA%A9%DB%8C%D8%B4%D9%86-%D9%86%DB%8C%D8%A7%D9%88%D8%B1%D8%A7%D9%86/AaxUrtil
حیاط دربستی ۲/۵طبقه هرطبقه مستقل،,۳ ساعت پیش در عبدل‌آباد,"ودیعه: ۳۵۰,۰۰۰,۰۰۰ تومان","اجاره: ۱۷,۰۰۰,۰۰۰ تومان",https://divar.ir/v/%D8%AD%DB%8C%D8%A7%D8%B7-%D8%AF%D8%B1%D8%A8%D8%B3%D8%AA%DB%8C-%DB%B2-%DB%B5%D8%B7%D8%A8%D9%82%D9%87-%D9%87%D8%B1%D8%B7%D8%A8%D9%82%D9%87-%D9%85%D8%B3%D8%AA%D9%82%D9%84/Aayg-N2t
ویلایی ۱۷۰ متری ۳ خوابه در شهرک غرب,مشاور آرش جاویدی در شهرک غرب,"ودیعه: ۲,۰۰۰,۰۰۰,۰۰۰ تومان","اجاره: ۶۰,۰۰۰,۰۰۰ تومان",https://divar.ir/v/%D9%88%DB%8C%D9%84%D8%A7%DB%8C%DB%8C-%DB%B1%DB%B7%DB%B0-%D9%85%D8%AA%D8%B1%DB%8C-%DB%B3-%D8%AE%D9%88%D8%A7%D8%A8%D9%87-%D8%AF%D8%B1-%D8%B4%D9%87%D8%B1%DA%A9-%D8%BA%D8%B1%D8%A8/Aak8TH56
اجازه واحد 60 متری در اتابک,۳ ساعت پیش در مینابی,"ودیعه: ۷۰,۰۰۰,۰۰۰ تومان","اجاره: ۵,۰۰۰,۰۰۰ تومان",https://divar.ir/v/%D8%A7%D8%AC%D8%A7%D8%B2%D9%87-%D9%88%D8%A7%D8%AD%D8%AF-60-%D9%85%D8%AA%D8%B1%DB%8C-%D8%AF%D8%B1-%D8%A7%D8%AA%D8%A7%D8%A8%DA%A9/AayceQ_D
ویلای در۲طبقه۱۹۰متری زمین۳۶۵متر لوکس جداگانه,مشاور میرزایی در تهرانپارس غربی,"ودیعه: ۱,۰۰۰,۰۰۰,۰۰۰ تومان","اجاره: ۴۷,۰۰۰,۰۰۰ تومان",https://divar.ir/v/%D9%88%DB%8C%D9%84%D8%A7%DB%8C-%D8%AF%D8%B1%DB%B2%D8%B7%D8%A8%D9%82%D9%87%DB%B1%DB%B9%DB%B0%D9%85%D8%AA%D8%B1%DB%8C-%D8%B2%D9%85%DB%8C%D9%86%DB%B3%DB%B6%DB%B5%D9%85%D8%AA%D8%B1-%D9%84%D9%88%DA%A9%D8%B3-%D8%AC%D8%AF%D8%A7%DA%AF%D8%A7%D9%86%D9%87/AaYUF1Eb
ویلایی ۵۰۰ متری/میرداماد /استخردار,اینستاگرام خونه کلنگی در میرداماد,"ودیعه: ۵,۰۰۰,۰۰۰,۰۰۰ تومان","اجاره: ۱۵۰,۰۰۰,۰۰۰ تومان",https://divar.ir/v/%D9%88%DB%8C%D9%84%D8%A7%DB%8C%DB%8C-%DB%B5%DB%B0%DB%B0-%D9%85%D8%AA%D8%B1%DB%8C-%D9%85%DB%8C%D8%B1%D8%AF%D8%A7%D9%85%D8%A7%D8%AF-%D8%A7%D8%B3%D8%AA%D8%AE%D8%B1%D8%AF%D8%A7%D8%B1/Aaycuezj
۳۶۰ متر ویلایی دروس هدایت,مشاور کیان در دروس,"ودیعه: ۳,۰۰۰,۰۰۰,۰۰۰ تومان","اجاره: ۱۹۰,۰۰۰,۰۰۰ تومان",https://divar.ir/v/%DB%B3%DB%B6%DB%B0-%D9%85%D8%AA%D8%B1-%D9%88%DB%8C%D9%84%D8%A7%DB%8C%DB%8C-%D8%AF%D8%B1%D9%88%D8%B3-%D9%87%D8%AF%D8%A7%DB%8C%D8%AA/wZ8_8RUc
۱۹۰متر۴خواب مستر/شهرک چشمه دوبلکس/مستقل‌/ویلایی,مشاور امیر نامدار در زیبادشت,"ودیعه: ۴,۰۰۰,۰۰۰,۰۰۰ تومان",رهن کامل,https://divar.ir/v/%DB%B1%DB%B9%DB%B0%D9%85%D8%AA%D8%B1%DB%B4%D8%AE%D9%88%D8%A7%D8%A8-%D9%85%D8%B3%D8%AA%D8%B1-%D8%B4%D9%87%D8%B1%DA%A9-%DA%86%D8%B4%D9%85%D9%87-%D8%AF%D9%88%D8%A8%D9%84%DA%A9%D8%B3-%D9%85%D8%B3%D8%AA%D9%82%D9%84-%D9%88%DB%8C%D9%84%D8%A7%DB%8C%DB%8C/AayYOt4Q
رهن خانه ویلایی ۱۵۰ متری ۵ خوابه در آذری,مشاور احمدی مشاور املاک دهقان 09127927763 در آذری,"ودیعه: ۶۰۰,۰۰۰,۰۰۰ تومان",رهن کامل,https://divar.ir/v/%D8%B1%D9%87%D9%86-%D8%AE%D8%A7%D9%86%D9%87-%D9%88%DB%8C%D9%84%D8%A7%DB%8C%DB%8C-%DB%B1%DB%B5%DB%B0-%D9%85%D8%AA%D8%B1%DB%8C-%DB%B5-%D8%AE%D9%88%D8%A7%D8%A8%D9%87-%D8%AF%D8%B1-%D8%A2%D8%B0%D8%B1%DB%8C/AayUOtbY
خانه اجاره‌ای,۴ ساعت پیش در شمیران‌نو,"ودیعه: ۱۷۰,۰۰۰,۰۰۰ تومان","اجاره: ۷,۰۰۰,۰۰۰ تومان",https://divar.ir/v/%D8%AE%D8%A7%D9%86%D9%87-%D8%A7%D8%AC%D8%A7%D8%B1%D9%87-%D8%A7%DB%8C/AayQ-wjh
اجاره خانه ویلایی ۶۰۰ متری ۵ خوابه در شهرک غرب,مشاورین املاک استیلا در شهرک غرب,"ودیعه: ۴,۰۰۰,۰۰۰,۰۰۰ تومان","اجاره: ۴۵۰,۰۰۰,۰۰۰ تومان",https://divar.ir/v/%D8%A7%D8%AC%D8%A7%D8%B1%D9%87-%D8%AE%D8%A7%D9%86%D9%87-%D9%88%DB%8C%D9%84%D8%A7%DB%8C%DB%8C-%DB%B6%DB%B0%DB%B0-%D9%85%D8%AA%D8%B1%DB%8C-%DB%B5-%D8%AE%D9%88%D8%A7%D8%A8%D9%87-%D8%AF%D8%B1-%D8%B4%D9%87%D8%B1%DA%A9-%D8%BA%D8%B1%D8%A8/AasAJoYf
اجاره یکجا آپارتمان ۸ واحدی در جنت آباد شمالی,آژانس املاک خسروی در جنت‌آباد شمالی,"ودیعه: ۲,۰۰۰,۰۰۰,۰۰۰ تومان","اجاره: ۲۵۰,۰۰۰,۰۰۰ تومان",https://divar.ir/v/%D8%A7%D8%AC%D8%A7%D8%B1%D9%87-%DB%8C%DA%A9%D8%AC%D8%A7-%D8%A2%D9%BE%D8%A7%D8%B1%D8%AA%D9%85%D8%A7%D9%86-%DB%B8-%D9%88%D8%A7%D8%AD%D8%AF%DB%8C-%D8%AF%D8%B1-%D8%AC%D9%86%D8%AA-%D8%A2%D8%A8%D8%A7%D8%AF-%D8%B4%D9%85%D8%A7%D9%84%DB%8C/AayM-5jH
۲۱۰ متر ویلایی ، ۳ خواب ، یک از دو ، محدوده کاخ,مشاور خانم داودیان در زعفرانیه,"ودیعه: ۲,۰۰۰,۰۰۰,۰۰۰ تومان","اجاره: ۶۰,۰۰۰,۰۰۰ تومان",https://divar.ir/v/%DB%B2%DB%B1%DB%B0-%D9%85%D8%AA%D8%B1-%D9%88%DB%8C%D9%84%D8%A7%DB%8C%DB%8C-%DB%B3-%D8%AE%D9%88%D8%A7%D8%A8-%DB%8C%DA%A9-%D8%A7%D8%B2-%D8%AF%D9%88-%D9%85%D8%AD%D8%AF%D9%88%D8%AF%D9%87-%DA%A9%D8%A7%D8%AE/Aay8ttSS
۷۵۰ متر ویلایی مناسب کار و سکونت,مشاور مرادی 09123265340 در جردن,"ودیعه: ۵,۰۰۰,۰۰۰,۰۰۰ تومان","اجاره: ۳۵۰,۰۰۰,۰۰۰ تومان",https://divar.ir/v/%DB%B7%DB%B5%DB%B0-%D9%85%D8%AA%D8%B1-%D9%88%DB%8C%D9%84%D8%A7%DB%8C%DB%8C-%D9%85%D9%86%D8%A7%D8%B3%D8%A8-%DA%A9%D8%A7%D8%B1-%D9%88-%D8%B3%DA%A9%D9%88%D9%86%D8%AA/wZ_f9Iw7
۵۵ متر خانه ویلایی دربست,۴ ساعت پیش در آذربایجان,"ودیعه: ۳۵۰,۰۰۰,۰۰۰ تومان","اجاره: ۱۲,۰۰۰,۰۰۰ تومان",https://divar.ir/v/%DB%B5%DB%B5-%D9%85%D8%AA%D8%B1-%D8%AE%D8%A7%D9%86%D9%87-%D9%88%DB%8C%D9%84%D8%A7%DB%8C%DB%8C-%D8%AF%D8%B1%D8%A8%D8%B3%D8%AA/Aay8tpV6
اجاره خانه کلنگی,۴ ساعت پیش در خزانه,"ودیعه: ۲۰۰,۰۰۰,۰۰۰ تومان","اجاره: ۳,۲۰۰,۰۰۰ تومان",https://divar.ir/v/%D8%A7%D8%AC%D8%A7%D8%B1%D9%87-%D8%AE%D8%A7%D9%86%D9%87-%DA%A9%D9%84%D9%86%DA%AF%DB%8C/Aay4duSD
اجاره خانه حیاط دار دو طبقه,۴ ساعت پیش در مینابی,"ودیعه: ۴۲۰,۰۰۰,۰۰۰ تومان","اجاره: ۵,۰۰۰,۰۰۰ تومان",https://divar.ir/v/%D8%A7%D8%AC%D8%A7%D8%B1%D9%87-%D8%AE%D8%A7%D9%86%D9%87-%D8%AD%DB%8C%D8%A7%D8%B7-%D8%AF%D8%A7%D8%B1-%D8%AF%D9%88-%D8%B7%D8%A8%D9%82%D9%87/Aay4d6Po
اجاره خانه ویلایی ۲۰ متری در هاشمی,۴ ساعت پیش در هاشمی,"ودیعه: ۳۰,۰۰۰,۰۰۰ تومان","اجاره: ۷,۰۰۰,۰۰۰ تومان",https://divar.ir/v/%D8%A7%D8%AC%D8%A7%D8%B1%D9%87-%D8%AE%D8%A7%D9%86%D9%87-%D9%88%DB%8C%D9%84%D8%A7%DB%8C%DB%8C-%DB%B2%DB%B0-%D9%85%D8%AA%D8%B1%DB%8C-%D8%AF%D8%B1-%D9%87%D8%A7%D8%B4%D9%85%DB%8C/Aay0dwGz
ویلایی اداری و مسکونی شهرک غرب ۳ واحد مجزا,آژانس مثلث در شهرک غرب,"ودیعه: ۷,۰۰۰,۰۰۰,۰۰۰ تومان","اجاره: ۵۵۰,۰۰۰,۰۰۰ تومان",https://divar.ir/v/%D9%88%DB%8C%D9%84%D8%A7%DB%8C%DB%8C-%D8%A7%D8%AF%D8%A7%D8%B1%DB%8C-%D9%88-%D9%85%D8%B3%DA%A9%D9%88%D9%86%DB%8C-%D8%B4%D9%87%D8%B1%DA%A9-%D8%BA%D8%B1%D8%A8-%DB%B3-%D9%88%D8%A7%D8%AD%D8%AF-%D9%85%D8%AC%D8%B2%D8%A7/AaGMVK9d
ونک/سئول/ ویلای 300 متری مناسب سکونت,آژانس كوهيار در ونک,"ودیعه: ۱,۰۰۰,۰۰۰,۰۰۰ تومان","اجاره: ۱۲۰,۰۰۰,۰۰۰ تومان",https://divar.ir/v/%D9%88%D9%86%DA%A9-%D8%B3%D8%A6%D9%88%D9%84-%D9%88%DB%8C%D9%84%D8%A7%DB%8C-300-%D9%85%D8%AA%D8%B1%DB%8C-%D9%85%D9%86%D8%A7%D8%B3%D8%A8-%D8%B3%DA%A9%D9%88%D9%86%D8%AA/AaaUx9e8
450متر ویلایی فرشته استخر داخل واحد,آژانس مشاورین املاک پازل در الهیه,"ودیعه: ۲,۰۰۰,۰۰۰,۰۰۰ تومان","اجاره: ۳۵۰,۰۰۰,۰۰۰ تومان",https://divar.ir/v/450%D9%85%D8%AA%D8%B1-%D9%88%DB%8C%D9%84%D8%A7%DB%8C%DB%8C-%D9%81%D8%B1%D8%B4%D8%AA%D9%87-%D8%A7%D8%B3%D8%AA%D8%AE%D8%B1-%D8%AF%D8%A7%D8%AE%D9%84-%D9%88%D8%A7%D8%AD%D8%AF/AaTEU9ie
دربستی200متر در۲طبقه۸۰متری/اداری،تجاری،مسکونی,آژانس کیسون در تهرانپارس غربی,"ودیعه: ۵۰۰,۰۰۰,۰۰۰ تومان","اجاره: ۳۱,۰۰۰,۰۰۰ تومان",https://divar.ir/v/%D8%AF%D8%B1%D8%A8%D8%B3%D8%AA%DB%8C200%D9%85%D8%AA%D8%B1-%D8%AF%D8%B1%DB%B2%D8%B7%D8%A8%D9%82%D9%87%DB%B8%DB%B0%D9%85%D8%AA%D8%B1%DB%8C-%D8%A7%D8%AF%D8%A7%D8%B1%DB%8C-%D8%AA%D8%AC%D8%A7%D8%B1%DB%8C-%D9%85%D8%B3%DA%A9%D9%88%D9%86%DB%8C/Aay0Nacw
خونه ویلایی فرشته 1150متر بنا در 750متر زمین,املاک نوین الهیه در الهیه,"ودیعه: ۲۴,۰۰۰,۰۰۰,۰۰۰ تومان",رهن کامل,https://divar.ir/v/%D8%AE%D9%88%D9%86%D9%87-%D9%88%DB%8C%D9%84%D8%A7%DB%8C%DB%8C-%D9%81%D8%B1%D8%B4%D8%AA%D9%87-1150%D9%85%D8%AA%D8%B1-%D8%A8%D9%86%D8%A7-%D8%AF%D8%B1-750%D9%85%D8%AA%D8%B1-%D8%B2%D9%85%DB%8C%D9%86/AacM3ryy
هم خانه,۴ ساعت پیش در استاد معین,"ودیعه: ۲۰,۰۰۰,۰۰۰ تومان","اجاره: ۲,۰۰۰,۰۰۰ تومان",https://divar.ir/v/%D9%87%D9%85-%D8%AE%D8%A7%D9%86%D9%87/AaysNe8k
اجاره ویلای 170متری 3خواب 2بالکن,آژانس املاک ‌وی آی پی در ایوانک,"ودیعه: ۲,۰۰۰,۰۰۰,۰۰۰ تومان","اجاره: ۷۵,۰۰۰,۰۰۰ تومان",https://divar.ir/v/%D8%A7%D8%AC%D8%A7%D8%B1%D9%87-%D9%88%DB%8C%D9%84%D8%A7%DB%8C-170%D9%85%D8%AA%D8%B1%DB%8C-3%D8%AE%D9%88%D8%A7%D8%A8-2%D8%A8%D8%A7%D9%84%DA%A9%D9%86/AaywNM5e
خانه دربستی,۴ ساعت پیش در شبیری,"ودیعه: ۸۵۰,۰۰۰,۰۰۰ تومان","اجاره: ۱۰۰,۰۰۰ تومان",https://divar.ir/v/%D8%AE%D8%A7%D9%86%D9%87-%D8%AF%D8%B1%D8%A8%D8%B3%D8%AA%DB%8C/AaywtFVW
اجاره ۳۵۰ متر/۵خواب/ویلایی/فاز اصلی/ شهرک غرب,آژانس املاک دادمان در شهرک غرب,"ودیعه: ۱,۵۰۰,۰۰۰,۰۰۰ تومان","اجاره: ۱۵۰,۰۰۰,۰۰۰ تومان",https://divar.ir/v/%D8%A7%D8%AC%D8%A7%D8%B1%D9%87-%DB%B3%DB%B5%DB%B0-%D9%85%D8%AA%D8%B1-%DB%B5%D8%AE%D9%88%D8%A7%D8%A8-%D9%88%DB%8C%D9%84%D8%A7%DB%8C%DB%8C-%D9%81%D8%A7%D8%B2-%D8%A7%D8%B5%D9%84%DB%8C-%D8%B4%D9%87%D8%B1%DA%A9-%D8%BA%D8%B1%D8%A8/Aau86N9T
خونه 3طبقه سه سرویس کامل اجاره با جا پارک اتابک,۵ ساعت پیش در مینابی,"ودیعه: ۷۰۰,۰۰۰,۰۰۰ تومان","اجاره: ۱۰۰,۰۰۰ تومان",https://divar.ir/v/%D8%AE%D9%88%D9%86%D9%87-3%D8%B7%D8%A8%D9%82%D9%87-%D8%B3%D9%87-%D8%B3%D8%B1%D9%88%DB%8C%D8%B3-%DA%A9%D8%A7%D9%85%D9%84-%D8%A7%D8%AC%D8%A7%D8%B1%D9%87-%D8%A8%D8%A7-%D8%AC%D8%A7-%D9%BE%D8%A7%D8%B1%DA%A9-%D8%A7%D8%AA%D8%A7%D8%A8%DA%A9/AayY9R7-
ویلایی ۱از ۳/ بازسازی شده,آژانس سرزمین(پشتیبانی) در شهرک غرب,"ودیعه: ۲,۰۰۰,۰۰۰,۰۰۰ تومان","اجاره: ۱۹۵,۰۰۰,۰۰۰ تومان",https://divar.ir/v/%D9%88%DB%8C%D9%84%D8%A7%DB%8C%DB%8C-%DB%B1%D8%A7%D8%B2-%DB%B3-%D8%A8%D8%A7%D8%B2%D8%B3%D8%A7%D8%B2%DB%8C-%D8%B4%D8%AF%D9%87/AayYNO3u
140متر دربستی در دو طبقه نیم بر اصلی حسام‌الدین,مشاورین املاک کارن در هفت چنار,"ودیعه: ۲۰۰,۰۰۰,۰۰۰ تومان","اجاره: ۲۰,۰۰۰,۰۰۰ تومان",https://divar.ir/v/140%D9%85%D8%AA%D8%B1-%D8%AF%D8%B1%D8%A8%D8%B3%D8%AA%DB%8C-%D8%AF%D8%B1-%D8%AF%D9%88-%D8%B7%D8%A8%D9%82%D9%87-%D9%86%DB%8C%D9%85-%D8%A8%D8%B1-%D8%A7%D8%B5%D9%84%DB%8C-%D8%AD%D8%B3%D8%A7%D9%85-%D8%A7%D9%84%D8%AF%DB%8C%D9%86/AaysMkow
ویلایی شهرک غرب/فاز یک/۲۰۰متر ۳خواب,مشاور اکبر صادق نژاد در شهرک غرب,"ودیعه: ۸,۰۰۰,۰۰۰,۰۰۰ تومان","اجاره: ۱,۰۰۰,۰۰۰ تومان",https://divar.ir/v/%D9%88%DB%8C%D9%84%D8%A7%DB%8C%DB%8C-%D8%B4%D9%87%D8%B1%DA%A9-%D8%BA%D8%B1%D8%A8-%D9%81%D8%A7%D8%B2-%DB%8C%DA%A9-%DB%B2%DB%B0%DB%B0%D9%85%D8%AA%D8%B1-%DB%B3%D8%AE%D9%88%D8%A7%D8%A8/AaoEq7yU
۳۰۰ متر ۴ خواب/فول بازسازی/۳۰۰ متر حیاط اختصاصی,املاک بوستان زعفرانیه در محمودیه,"ودیعه: ۹,۰۰۰,۰۰۰,۰۰۰ تومان",رهن کامل,https://divar.ir/v/%DB%B3%DB%B0%DB%B0-%D9%85%D8%AA%D8%B1-%DB%B4-%D8%AE%D9%88%D8%A7%D8%A8-%D9%81%D9%88%D9%84-%D8%A8%D8%A7%D8%B2%D8%B3%D8%A7%D8%B2%DB%8C-%DB%B3%DB%B0%DB%B0-%D9%85%D8%AA%D8%B1-%D8%AD%DB%8C%D8%A7%D8%B7-%D8%A7%D8%AE%D8%AA%D8%B5%D8%A7%D8%B5%DB%8C/AagIKBTv
300 متر.ویلایی.گلستان شمالی,مشاور مسعود خادم در کوی فردوس,"ودیعه: ۶,۰۰۰,۰۰۰,۰۰۰ تومان",رهن کامل,https://divar.ir/v/300-%D9%85%D8%AA%D8%B1-%D9%88%DB%8C%D9%84%D8%A7%DB%8C%DB%8C-%DA%AF%D9%84%D8%B3%D8%AA%D8%A7%D9%86-%D8%B4%D9%85%D8%A7%D9%84%DB%8C/wZ-HQhXO
۵۵۰متر بنا در دو طبقه پاسداران ویلایی,مشاور پویان مظفری در پاسداران,"ودیعه: ۱۵,۰۰۰,۰۰۰,۰۰۰ تومان",رهن کامل,https://divar.ir/v/%DB%B5%DB%B5%DB%B0%D9%85%D8%AA%D8%B1-%D8%A8%D9%86%D8%A7-%D8%AF%D8%B1-%D8%AF%D9%88-%D8%B7%D8%A8%D9%82%D9%87-%D9%BE%D8%A7%D8%B3%D8%AF%D8%A7%D8%B1%D8%A7%D9%86-%D9%88%DB%8C%D9%84%D8%A7%DB%8C%DB%8C/AapcYtQb
زیر زمین ۳۰ متری مناسب انباری یا تولیدی,۵ ساعت پیش در خزانه,"ودیعه: ۳۰,۰۰۰,۰۰۰ تومان","اجاره: ۱,۵۰۰,۰۰۰ تومان",https://divar.ir/v/%D8%B2%DB%8C%D8%B1-%D8%B2%D9%85%DB%8C%D9%86-%DB%B3%DB%B0-%D9%85%D8%AA%D8%B1%DB%8C-%D9%85%D9%86%D8%A7%D8%B3%D8%A8-%D8%A7%D9%86%D8%A8%D8%A7%D8%B1%DB%8C-%DB%8C%D8%A7-%D8%AA%D9%88%D9%84%DB%8C%D8%AF%DB%8C/AayMNtog
دولت/ویلا/دوبلکس/دسترسی به اصلی/بازسازی شده,مشاور املاک شهریار قلهک در قلهک,"ودیعه: ۲,۰۰۰,۰۰۰,۰۰۰ تومان","اجاره: ۲۵۰,۰۰۰,۰۰۰ تومان",https://divar.ir/v/%D8%AF%D9%88%D9%84%D8%AA-%D9%88%DB%8C%D9%84%D8%A7-%D8%AF%D9%88%D8%A8%D9%84%DA%A9%D8%B3-%D8%AF%D8%B3%D8%AA%D8%B1%D8%B3%DB%8C-%D8%A8%D9%87-%D8%A7%D8%B5%D9%84%DB%8C-%D8%A8%D8%A7%D8%B2%D8%B3%D8%A7%D8%B2%DB%8C-%D8%B4%D8%AF%D9%87/AaxwMRte
دربستی 100 متر ماشین رو,در نازی‌آباد,"ودیعه: ۵۰۰,۰۰۰,۰۰۰ تومان","اجاره: ۲۵,۰۰۰,۰۰۰ تومان",https://divar.ir/v/%D8%AF%D8%B1%D8%A8%D8%B3%D8%AA%DB%8C-100-%D9%85%D8%AA%D8%B1-%D9%85%D8%A7%D8%B4%DB%8C%D9%86-%D8%B1%D9%88/AaogN6Zo
خانه حیاط داردربست,۵ ساعت پیش در هاشم‌آباد,"ودیعه: ۶۰۰,۰۰۰,۰۰۰ تومان","اجاره: ۶,۰۰۰,۰۰۰ تومان",https://divar.ir/v/%D8%AE%D8%A7%D9%86%D9%87-%D8%AD%DB%8C%D8%A7%D8%B7-%D8%AF%D8%A7%D8%B1%D8%AF%D8%B1%D8%A8%D8%B3%D8%AA/AayI9cqp
ملک دربستی 180 متر مغازه 250 متر مسکونی,۵ ساعت پیش در اتابک,"ودیعه: ۱,۲۰۰,۰۰۰,۰۰۰ تومان","اجاره: ۱,۰۰۰,۰۰۰ تومان",https://divar.ir/v/%D9%85%D9%84%DA%A9-%D8%AF%D8%B1%D8%A8%D8%B3%D8%AA%DB%8C-180-%D9%85%D8%AA%D8%B1-%D9%85%D8%BA%D8%A7%D8%B2%D9%87-250-%D9%85%D8%AA%D8%B1-%D9%85%D8%B3%DA%A9%D9%88%D9%86%DB%8C/AayE9V1s
ویلایی مناسب اموزشگاه وکلینیک های زیبایی و غیره,۵ ساعت پیش در سیدخندان,"ودیعه: ۲,۰۰۰,۰۰۰,۰۰۰ تومان","اجاره: ۲۰۰,۰۰۰,۰۰۰ تومان",https://divar.ir/v/%D9%88%DB%8C%D9%84%D8%A7%DB%8C%DB%8C-%D9%85%D9%86%D8%A7%D8%B3%D8%A8-%D8%A7%D9%85%D9%88%D8%B2%D8%B4%DA%AF%D8%A7%D9%87-%D9%88%DA%A9%D9%84%DB%8C%D9%86%DB%8C%DA%A9-%D9%87%D8%A7%DB%8C-%D8%B2%DB%8C%D8%A8%D8%A7%DB%8C%DB%8C-%D9%88-%D8%BA%DB%8C%D8%B1%D9%87/AayA9vme
150 متر فول بازسازی کمیل شیرازی,در هفت چنار,"ودیعه: ۱,۲۳۰,۰۰۰,۰۰۰ تومان",رهن کامل,https://divar.ir/v/150-%D9%85%D8%AA%D8%B1-%D9%81%D9%88%D9%84-%D8%A8%D8%A7%D8%B2%D8%B3%D8%A7%D8%B2%DB%8C-%DA%A9%D9%85%DB%8C%D9%84-%D8%B4%DB%8C%D8%B1%D8%A7%D8%B2%DB%8C/AapE6EqN
اجاره خانه دربست ۳ طبقه در نیاوران با ۲۷۰ متر بنا,آژانس گروه مهندسین مشاور کیمیا در نیاوران,"ودیعه: ۲,۰۰۰,۰۰۰,۰۰۰ تومان","اجاره: ۶۰,۰۰۰,۰۰۰ تومان",https://divar.ir/v/%D8%A7%D8%AC%D8%A7%D8%B1%D9%87-%D8%AE%D8%A7%D9%86%D9%87-%D8%AF%D8%B1%D8%A8%D8%B3%D8%AA-%DB%B3-%D8%B7%D8%A8%D9%82%D9%87-%D8%AF%D8%B1-%D9%86%DB%8C%D8%A7%D9%88%D8%B1%D8%A7%D9%86-%D8%A8%D8%A7-%DB%B2%DB%B7%DB%B0-%D9%85%D8%AA%D8%B1-%D8%A8%D9%86%D8%A7/AafYkjHR
مستغلات۳۸۰متردر ۲طبقه فرمانیه,آژانس سپنتا بام در فرمانیه,"ودیعه: ۴,۰۰۰,۰۰۰,۰۰۰ تومان","اجاره: ۱۱۰,۰۰۰,۰۰۰ تومان",https://divar.ir/v/%D9%85%D8%B3%D8%AA%D8%BA%D9%84%D8%A7%D8%AA%DB%B3%DB%B8%DB%B0%D9%85%D8%AA%D8%B1%D8%AF%D8%B1-%DB%B2%D8%B7%D8%A8%D9%82%D9%87-%D9%81%D8%B1%D9%85%D8%A7%D9%86%DB%8C%D9%87/Aayocf_B
300متر بنادر 500متر زمین قیطریه اندرزگو,آژانس البرز میرداماد در حکمت,"ودیعه: ۲,۰۰۰,۰۰۰,۰۰۰ تومان","اجاره: ۲۰۰,۰۰۰,۰۰۰ تومان",https://divar.ir/v/300%D9%85%D8%AA%D8%B1-%D8%A8%D9%86%D8%A7%D8%AF%D8%B1-500%D9%85%D8%AA%D8%B1-%D8%B2%D9%85%DB%8C%D9%86-%D9%82%DB%8C%D8%B7%D8%B1%DB%8C%D9%87-%D8%A7%D9%86%D8%AF%D8%B1%D8%B2%DA%AF%D9%88/AatApkSd
رهن تولیدی و انبار,در گمرک,"ودیعه: ۹۰۰,۰۰۰,۰۰۰ تومان","اجاره: ۱۰۰,۰۰۰ تومان",https://divar.ir/v/%D8%B1%D9%87%D9%86-%D8%AA%D9%88%D9%84%DB%8C%D8%AF%DB%8C-%D9%88-%D8%A7%D9%86%D8%A8%D8%A7%D8%B1/AahMvkt1
اجاره خانه ویلایی ۱۲۰ متری ۲ خوابه در مسعودیه,۵ ساعت پیش در مسعودیه,"ودیعه: ۴۰۰,۰۰۰,۰۰۰ تومان","اجاره: ۱۲,۰۰۰,۰۰۰ تومان",https://divar.ir/v/%D8%A7%D8%AC%D8%A7%D8%B1%D9%87-%D8%AE%D8%A7%D9%86%D9%87-%D9%88%DB%8C%D9%84%D8%A7%DB%8C%DB%8C-%DB%B1%DB%B2%DB%B0-%D9%85%D8%AA%D8%B1%DB%8C-%DB%B2-%D8%AE%D9%88%D8%A7%D8%A8%D9%87-%D8%AF%D8%B1-%D9%85%D8%B3%D8%B9%D9%88%D8%AF%DB%8C%D9%87/Aay0cjFD
شهرک غرب۲۵۰متر۳خواب ویلایی ۱واحداز۲ واحدنوسازی شده,آژانس املاک دادمان در ایوانک,"ودیعه: ۸,۰۰۰,۰۰۰,۰۰۰ تومان",رهن کامل,https://divar.ir/v/%D8%B4%D9%87%D8%B1%DA%A9-%D8%BA%D8%B1%D8%A8%DB%B2%DB%B5%DB%B0%D9%85%D8%AA%D8%B1%DB%B3%D8%AE%D9%88%D8%A7%D8%A8-%D9%88%DB%8C%D9%84%D8%A7%DB%8C%DB%8C-%DB%B1%D9%88%D8%A7%D8%AD%D8%AF%D8%A7%D8%B2%DB%B2-%D9%88%D8%A7%D8%AD%D8%AF%D9%86%D9%88%D8%B3%D8%A7%D8%B2%DB%8C-%D8%B4%D8%AF%D9%87/AaxIsNUU
۱۰۰ متر ۳ طبقه /خ آزادی جنب مترو توحید /پارکینگ,آژانس املاک بزرگ سناتور با ۲شعبه فعال در جیحون,"ودیعه: ۵۰۰,۰۰۰,۰۰۰ تومان","اجاره: ۶۵,۰۰۰,۰۰۰ تومان",https://divar.ir/v/%DB%B1%DB%B0%DB%B0-%D9%85%D8%AA%D8%B1-%DB%B3-%D8%B7%D8%A8%D9%82%D9%87-%D8%AE-%D8%A2%D8%B2%D8%A7%D8%AF%DB%8C-%D8%AC%D9%86%D8%A8-%D9%85%D8%AA%D8%B1%D9%88-%D8%AA%D9%88%D8%AD%DB%8C%D8%AF-%D9%BE%D8%A7%D8%B1%DA%A9%DB%8C%D9%86%DA%AF/Aaywc497
۲۰۰ متر /ویلایی /بالای جنت آباد شمالی,مشاور املاک پاسارگاد در جنت‌آباد شمالی,"ودیعه: ۲۰۰,۰۰۰,۰۰۰ تومان","اجاره: ۶۰,۰۰۰,۰۰۰ تومان",https://divar.ir/v/%DB%B2%DB%B0%DB%B0-%D9%85%D8%AA%D8%B1-%D9%88%DB%8C%D9%84%D8%A7%DB%8C%DB%8C-%D8%A8%D8%A7%D9%84%D8%A7%DB%8C-%D8%AC%D9%86%D8%AA-%D8%A2%D8%A8%D8%A7%D8%AF-%D8%B4%D9%85%D8%A7%D9%84%DB%8C/AaywshXr
ویلایی ۳ طبقه/ پیروزی/ مناسب سکونت و کار,آژانس املاک بزرگ استیری در دهقان,"ودیعه: ۷۰۰,۰۰۰,۰۰۰ تومان","اجاره: ۴۵,۰۰۰,۰۰۰ تومان",https://divar.ir/v/%D9%88%DB%8C%D9%84%D8%A7%DB%8C%DB%8C-%DB%B3-%D8%B7%D8%A8%D9%82%D9%87-%D9%BE%DB%8C%D8%B1%D9%88%D8%B2%DB%8C-%D9%85%D9%86%D8%A7%D8%B3%D8%A8-%D8%B3%DA%A9%D9%88%D9%86%D8%AA-%D9%88-%DA%A9%D8%A7%D8%B1/Aaq8N0O7
اجاره خانه ویلایی ۴۵۰ متری ۵ خوابه در دروس,آژانس ایرانیان پشتیبانی در دروس,"ودیعه: ۱۳,۰۰۰,۰۰۰,۰۰۰ تومان","اجاره: ۱,۰۰۰,۰۰۰ تومان",https://divar.ir/v/%D8%A7%D8%AC%D8%A7%D8%B1%D9%87-%D8%AE%D8%A7%D9%86%D9%87-%D9%88%DB%8C%D9%84%D8%A7%DB%8C%DB%8C-%DB%B4%DB%B5%DB%B0-%D9%85%D8%AA%D8%B1%DB%8C-%DB%B5-%D8%AE%D9%88%D8%A7%D8%A8%D9%87-%D8%AF%D8%B1-%D8%AF%D8%B1%D9%88%D8%B3/wZ9Th4Pe
ویلایی ۳ طبقه/ بین نبرد و دهم فروردین,آژانس املاک بزرگ استیری در نبی اکرم(ص),"ودیعه: ۶۰۰,۰۰۰,۰۰۰ تومان","اجاره: ۳۰,۰۰۰,۰۰۰ تومان",https://divar.ir/v/%D9%88%DB%8C%D9%84%D8%A7%DB%8C%DB%8C-%DB%B3-%D8%B7%D8%A8%D9%82%D9%87-%D8%A8%DB%8C%D9%86-%D9%86%D8%A8%D8%B1%D8%AF-%D9%88-%D8%AF%D9%87%D9%85-%D9%81%D8%B1%D9%88%D8%B1%D8%AF%DB%8C%D9%86/AaHgFt4M
اجاره مستغلات ویلایی بلوارفردوس شرق,آژانس کویر در کوی فردوس,"ودیعه: ۲,۰۰۰,۰۰۰,۰۰۰ تومان","اجاره: ۳۵۰,۰۰۰,۰۰۰ تومان",https://divar.ir/v/%D8%A7%D8%AC%D8%A7%D8%B1%D9%87-%D9%85%D8%B3%D8%AA%D8%BA%D9%84%D8%A7%D8%AA-%D9%88%DB%8C%D9%84%D8%A7%DB%8C%DB%8C-%D8%A8%D9%84%D9%88%D8%A7%D8%B1%D9%81%D8%B1%D8%AF%D9%88%D8%B3-%D8%B4%D8%B1%D9%82/AaVE8Zet
کامرانیه شمالی تریبلکس/ 700 متر,مسکن ۷ در کامرانیه,"ودیعه: ۵,۰۰۰,۰۰۰,۰۰۰ تومان","اجاره: ۵۰۰,۰۰۰,۰۰۰ تومان",https://divar.ir/v/%DA%A9%D8%A7%D9%85%D8%B1%D8%A7%D9%86%DB%8C%D9%87-%D8%B4%D9%85%D8%A7%D9%84%DB%8C-%D8%AA%D8%B1%DB%8C%D8%A8%D9%84%DA%A9%D8%B3-700-%D9%85%D8%AA%D8%B1/AasUjqQo
اجاره,۶ ساعت پیش در شهرک ابوذر,"ودیعه: ۶۰۰,۰۰۰,۰۰۰ تومان","اجاره: ۱۰۰,۰۰۰ تومان",https://divar.ir/v/%D8%A7%D8%AC%D8%A7%D8%B1%D9%87/Aayg8Lnr
دزارشیب. رمضانی ،۴۰۰ مترویلایی ۴ خوابه رهن اجاره,در حکمت,"ودیعه: ۲,۰۰۰,۰۰۰,۰۰۰ تومان","اجاره: ۱۴۰,۰۰۰,۰۰۰ تومان",https://divar.ir/v/%D8%AF%D8%B2%D8%A7%D8%B1%D8%B4%DB%8C%D8%A8-%D8%B1%D9%85%D8%B6%D8%A7%D9%86%DB%8C-%DB%B4%DB%B0%DB%B0-%D9%85%D8%AA%D8%B1%D9%88%DB%8C%D9%84%D8%A7%DB%8C%DB%8C-%DB%B4-%D8%AE%D9%88%D8%A7%D8%A8%D9%87-%D8%B1%D9%87%D9%86-%D8%A7%D8%AC%D8%A7%D8%B1%D9%87/wZjyCwnP
خونه حیاط دار جهت اجاره کارگاه و انبار,۶ ساعت پیش در سنگلج,"ودیعه: ۲۰۰,۰۰۰,۰۰۰ تومان","اجاره: ۳۸,۵۰۰,۰۰۰ تومان",https://divar.ir/v/%D8%AE%D9%88%D9%86%D9%87-%D8%AD%DB%8C%D8%A7%D8%B7-%D8%AF%D8%A7%D8%B1-%D8%AC%D9%87%D8%AA-%D8%A7%D8%AC%D8%A7%D8%B1%D9%87-%DA%A9%D8%A7%D8%B1%DA%AF%D8%A7%D9%87-%D9%88-%D8%A7%D9%86%D8%A8%D8%A7%D8%B1/AaycMKRZ
خانه شمالی دربست دو طبقه دژکام شکوری,۶ ساعت پیش در دلگشا,"ودیعه: ۳۵۰,۰۰۰,۰۰۰ تومان","اجاره: ۱۸,۰۰۰,۰۰۰ تومان",https://divar.ir/v/%D8%AE%D8%A7%D9%86%D9%87-%D8%B4%D9%85%D8%A7%D9%84%DB%8C-%D8%AF%D8%B1%D8%A8%D8%B3%D8%AA-%D8%AF%D9%88-%D8%B7%D8%A8%D9%82%D9%87-%D8%AF%DA%98%DA%A9%D8%A7%D9%85-%D8%B4%DA%A9%D9%88%D8%B1%DB%8C/AayY8pgI
تلفیقی ازهنر معماری و خلاقیت مناسب مشاغل برند,آژانس بام صاحبقرانیه ۰ بام گروپ ۰ در فرمانیه,ودیعه: رایگان,"اجاره: ۱,۰۰۰,۰۰۰,۰۰۰ تومان",https://divar.ir/v/%D8%AA%D9%84%D9%81%DB%8C%D9%82%DB%8C-%D8%A7%D8%B2%D9%87%D9%86%D8%B1-%D9%85%D8%B9%D9%85%D8%A7%D8%B1%DB%8C-%D9%88-%D8%AE%D9%84%D8%A7%D9%82%DB%8C%D8%AA-%D9%85%D9%86%D8%A7%D8%B3%D8%A8-%D9%85%D8%B4%D8%A7%D8%BA%D9%84-%D8%A8%D8%B1%D9%86%D8%AF/Aap0Xl6y
اجاره ویلای شیک/ مستغلاتی,زارعی در شهرک غرب,"ودیعه: ۵,۰۰۰,۰۰۰,۰۰۰ تومان","اجاره: ۶۰۰,۰۰۰,۰۰۰ تومان",https://divar.ir/v/%D8%A7%D8%AC%D8%A7%D8%B1%D9%87-%D9%88%DB%8C%D9%84%D8%A7%DB%8C-%D8%B4%DB%8C%DA%A9-%D9%85%D8%B3%D8%AA%D8%BA%D9%84%D8%A7%D8%AA%DB%8C/wZzjYHnA
خانه حیاط دار 60 متری,در بیسیم,"ودیعه: ۵۰۰,۰۰۰,۰۰۰ تومان","اجاره: ۶,۵۰۰,۰۰۰ تومان",https://divar.ir/v/%D8%AE%D8%A7%D9%86%D9%87-%D8%AD%DB%8C%D8%A7%D8%B7-%D8%AF%D8%A7%D8%B1-60-%D9%85%D8%AA%D8%B1%DB%8C/AatwqUV5
850 متر زمین ویلایی ولنجک,آژانس ماهان زعفرانیه در ولنجک,"ودیعه: ۳,۰۰۰,۰۰۰,۰۰۰ تومان","اجاره: ۲۸۰,۰۰۰,۰۰۰ تومان",https://divar.ir/v/850-%D9%85%D8%AA%D8%B1-%D8%B2%D9%85%DB%8C%D9%86-%D9%88%DB%8C%D9%84%D8%A7%DB%8C%DB%8C-%D9%88%D9%84%D9%86%D8%AC%DA%A9/AaEgq27U
۱۱۰۰متر ویلا.نیاوران.مناسب همه مشاغل,آژانس هلدینگ لاسمی در نیاوران,"ودیعه: ۵,۰۰۰,۰۰۰,۰۰۰ تومان","اجاره: ۱,۲۰۰,۰۰۰,۰۰۰ تومان",https://divar.ir/v/%DB%B1%DB%B1%DB%B0%DB%B0%D9%85%D8%AA%D8%B1-%D9%88%DB%8C%D9%84%D8%A7-%D9%86%DB%8C%D8%A7%D9%88%D8%B1%D8%A7%D9%86-%D9%85%D9%86%D8%A7%D8%B3%D8%A8-%D9%87%D9%85%D9%87-%D9%85%D8%B4%D8%A7%D8%BA%D9%84/AacklHJV
۲۱۰ متر ۳ خواب / صراف‌های شمالی / ۲ پارکینگ,املاک فلامک  در سعادت‌آباد,"ودیعه: ۱,۰۰۰,۰۰۰,۰۰۰ تومان","اجاره: ۱۰۰,۰۰۰,۰۰۰ تومان",https://divar.ir/v/%DB%B2%DB%B1%DB%B0-%D9%85%D8%AA%D8%B1-%DB%B3-%D8%AE%D9%88%D8%A7%D8%A8-%D8%B5%D8%B1%D8%A7%D9%81-%D9%87%D8%A7%DB%8C-%D8%B4%D9%85%D8%A7%D9%84%DB%8C-%DB%B2-%D9%BE%D8%A7%D8%B1%DA%A9%DB%8C%D9%86%DA%AF/Aag8E5mr
ویلا نوساز فول امکانات با وسایل کامل,مشاور املاک طهران در نیلوفر,"ودیعه: ۱۲۰,۰۰۰,۰۰۰ تومان","اجاره: ۱۱,۰۰۰,۰۰۰ تومان",https://divar.ir/v/%D9%88%DB%8C%D9%84%D8%A7-%D9%86%D9%88%D8%B3%D8%A7%D8%B2-%D9%81%D9%88%D9%84-%D8%A7%D9%85%DA%A9%D8%A7%D9%86%D8%A7%D8%AA-%D8%A8%D8%A7-%D9%88%D8%B3%D8%A7%DB%8C%D9%84-%DA%A9%D8%A7%D9%85%D9%84/AaxYNLgZ
اجاره خانه دربستی دو طبقه,در گمرک,"ودیعه: ۳۰۰,۰۰۰,۰۰۰ تومان","اجاره: ۲,۰۰۰,۰۰۰ تومان",https://divar.ir/v/%D8%A7%D8%AC%D8%A7%D8%B1%D9%87-%D8%AE%D8%A7%D9%86%D9%87-%D8%AF%D8%B1%D8%A8%D8%B3%D8%AA%DB%8C-%D8%AF%D9%88-%D8%B7%D8%A8%D9%82%D9%87/Aao8uyvy
خانه دربستی 150 متری,۶ ساعت پیش در ظهیرآباد,"ودیعه: ۳۵۰,۰۰۰,۰۰۰ تومان",رهن کامل,https://divar.ir/v/%D8%AE%D8%A7%D9%86%D9%87-%D8%AF%D8%B1%D8%A8%D8%B3%D8%AA%DB%8C-150-%D9%85%D8%AA%D8%B1%DB%8C/AayMc87d
اجاره محدوده دانشگاه شریف برای شرکتهای دانش بنیان,۶ ساعت پیش در دانشگاه شریف,"ودیعه: ۵۰۰,۰۰۰,۰۰۰ تومان","اجاره: ۶۰,۰۰۰,۰۰۰ تومان",https://divar.ir/v/%D8%A7%D8%AC%D8%A7%D8%B1%D9%87-%D9%85%D8%AD%D8%AF%D9%88%D8%AF%D9%87-%D8%AF%D8%A7%D9%86%D8%B4%DA%AF%D8%A7%D9%87-%D8%B4%D8%B1%DB%8C%D9%81-%D8%A8%D8%B1%D8%A7%DB%8C-%D8%B4%D8%B1%DA%A9%D8%AA%D9%87%D8%A7%DB%8C-%D8%AF%D8%A7%D9%86%D8%B4-%D8%A8%D9%86%DB%8C%D8%A7%D9%86/AayQMD8Q
اجاره خانه ویلایی ۵۰ متری ۱ خوابه در فلاح,۶ ساعت پیش در فلاح,"ودیعه: ۸۰,۰۰۰,۰۰۰ تومان","اجاره: ۶,۰۰۰,۰۰۰ تومان",https://divar.ir/v/%D8%A7%D8%AC%D8%A7%D8%B1%D9%87-%D8%AE%D8%A7%D9%86%D9%87-%D9%88%DB%8C%D9%84%D8%A7%DB%8C%DB%8C-%DB%B5%DB%B0-%D9%85%D8%AA%D8%B1%DB%8C-%DB%B1-%D8%AE%D9%88%D8%A7%D8%A8%D9%87-%D8%AF%D8%B1-%D9%81%D9%84%D8%A7%D8%AD/AayA8ggY
ویلا۴۰۰متر دوبلکس۲خواب+سوئیت(فرمانیه شرقی),آژانس مسکن تهران در فرمانیه,"ودیعه: ۲,۰۰۰,۰۰۰,۰۰۰ تومان","اجاره: ۳۵۰,۰۰۰,۰۰۰ تومان",https://divar.ir/v/%D9%88%DB%8C%D9%84%D8%A7%DB%B4%DB%B0%DB%B0%D9%85%D8%AA%D8%B1-%D8%AF%D9%88%D8%A8%D9%84%DA%A9%D8%B3%DB%B2%D8%AE%D9%88%D8%A7%D8%A8-%D8%B3%D9%88%D8%A6%DB%8C%D8%AA-%D9%81%D8%B1%D9%85%D8%A7%D9%86%DB%8C%D9%87-%D8%B4%D8%B1%D9%82%DB%8C/AayEsF-Y
خانه ویلایی دوطبقه دولت ابادرهن واجاره دربست,در شهادت,"ودیعه: ۶۰۰,۰۰۰,۰۰۰ تومان","اجاره: ۱۲,۰۰۰,۰۰۰ تومان",https://divar.ir/v/%D8%AE%D8%A7%D9%86%D9%87-%D9%88%DB%8C%D9%84%D8%A7%DB%8C%DB%8C-%D8%AF%D9%88%D8%B7%D8%A8%D9%82%D9%87-%D8%AF%D9%88%D9%84%D8%AA-%D8%A7%D8%A8%D8%A7%D8%AF%D8%B1%D9%87%D9%86-%D9%88%D8%A7%D8%AC%D8%A7%D8%B1%D9%87-%D8%AF%D8%B1%D8%A8%D8%B3%D8%AA/Aawoh6HB
قیطریه / مستغلات / اداری / نوساز,آژانس مسکن بزرگ قیطریه در قیطریه,"ودیعه: ۸۰,۰۰۰,۰۰۰,۰۰۰ تومان",رهن کامل,https://divar.ir/v/%D9%82%DB%8C%D8%B7%D8%B1%DB%8C%D9%87-%D9%85%D8%B3%D8%AA%D8%BA%D9%84%D8%A7%D8%AA-%D8%A7%D8%AF%D8%A7%D8%B1%DB%8C-%D9%86%D9%88%D8%B3%D8%A7%D8%B2/AaxIsfgh
جردن/ ۴۰۰ متر مستغلات موقعیت اداری / بازسازی شده,املاک میداس در جردن,"ودیعه: ۲,۰۰۰,۰۰۰,۰۰۰ تومان","اجاره: ۲۰۰,۰۰۰,۰۰۰ تومان",https://divar.ir/v/%D8%AC%D8%B1%D8%AF%D9%86-%DB%B4%DB%B0%DB%B0-%D9%85%D8%AA%D8%B1-%D9%85%D8%B3%D8%AA%D8%BA%D9%84%D8%A7%D8%AA-%D9%85%D9%88%D9%82%D8%B9%DB%8C%D8%AA-%D8%A7%D8%AF%D8%A7%D8%B1%DB%8C-%D8%A8%D8%A7%D8%B2%D8%B3%D8%A7%D8%B2%DB%8C-%D8%B4%D8%AF%D9%87/wZ-rkRTp
رهن خانه ویلایی ۲۰۰ متری ۳ خوابه در شهرک غرب,آژانس مسکن نمونه شهرک در شهرک غرب,"ودیعه: ۶,۵۰۰,۰۰۰,۰۰۰ تومان",رهن کامل,https://divar.ir/v/%D8%B1%D9%87%D9%86-%D8%AE%D8%A7%D9%86%D9%87-%D9%88%DB%8C%D9%84%D8%A7%DB%8C%DB%8C-%DB%B2%DB%B0%DB%B0-%D9%85%D8%AA%D8%B1%DB%8C-%DB%B3-%D8%AE%D9%88%D8%A7%D8%A8%D9%87-%D8%AF%D8%B1-%D8%B4%D9%87%D8%B1%DA%A9-%D8%BA%D8%B1%D8%A8/Aay0777S
خانه ویلایی یافتاباد,در ابراهیم‌آباد,"ودیعه: ۱,۵۰۰,۰۰۰,۰۰۰ تومان","اجاره: ۱۰۰,۰۰۰ تومان",https://divar.ir/v/%D8%AE%D8%A7%D9%86%D9%87-%D9%88%DB%8C%D9%84%D8%A7%DB%8C%DB%8C-%DB%8C%D8%A7%D9%81%D8%AA%D8%A7%D8%A8%D8%A7%D8%AF/Aaw049E4
مستغلات با سابقه مدرسه و مهد کودک با ۱۴اتاق نورگیر,آژانس هلدینگ آنتیک در مرزداران,"ودیعه: ۲,۰۰۰,۰۰۰,۰۰۰ تومان","اجاره: ۳۰۰,۰۰۰,۰۰۰ تومان",https://divar.ir/v/%D9%85%D8%B3%D8%AA%D8%BA%D9%84%D8%A7%D8%AA-%D8%A8%D8%A7-%D8%B3%D8%A7%D8%A8%D9%82%D9%87-%D9%85%D8%AF%D8%B1%D8%B3%D9%87-%D9%88-%D9%85%D9%87%D8%AF-%DA%A9%D9%88%D8%AF%DA%A9-%D8%A8%D8%A7-%DB%B1%DB%B4%D8%A7%D8%AA%D8%A7%D9%82-%D9%86%D9%88%D8%B1%DA%AF%DB%8C%D8%B1/Aay0baii
رهن خانه ویلایی ۱۰۰ متری ۱ خوابه در شهرک ولیعصر,۶ ساعت پیش در شهرک ولیعصر,"ودیعه: ۵۵۰,۰۰۰,۰۰۰ تومان",رهن کامل,https://divar.ir/v/%D8%B1%D9%87%D9%86-%D8%AE%D8%A7%D9%86%D9%87-%D9%88%DB%8C%D9%84%D8%A7%DB%8C%DB%8C-%DB%B1%DB%B0%DB%B0-%D9%85%D8%AA%D8%B1%DB%8C-%DB%B1-%D8%AE%D9%88%D8%A7%D8%A8%D9%87-%D8%AF%D8%B1-%D8%B4%D9%87%D8%B1%DA%A9-%D9%88%D9%84%DB%8C%D8%B9%D8%B5%D8%B1/Aayw7Ojc
آپارتمان تک واحدی واقع در بهترین نقطه خاوران,۶ ساعت پیش در هاشم‌آباد,"ودیعه: ۳۷۰,۰۰۰,۰۰۰ تومان","اجاره: ۲,۰۰۰,۰۰۰ تومان",https://divar.ir/v/%D8%A2%D9%BE%D8%A7%D8%B1%D8%AA%D9%85%D8%A7%D9%86-%D8%AA%DA%A9-%D9%88%D8%A7%D8%AD%D8%AF%DB%8C-%D9%88%D8%A7%D9%82%D8%B9-%D8%AF%D8%B1-%D8%A8%D9%87%D8%AA%D8%B1%DB%8C%D9%86-%D9%86%D9%82%D8%B7%D9%87-%D8%AE%D8%A7%D9%88%D8%B1%D8%A7%D9%86/Aay0raiQ
فرمانیه شرقی / ۳۷۰متر ویلایی/لوکیشن رویایی,املاک آسمان در فرمانیه,"ودیعه: ۲,۰۰۰,۰۰۰,۰۰۰ تومان","اجاره: ۳۰۰,۰۰۰,۰۰۰ تومان",https://divar.ir/v/%D9%81%D8%B1%D9%85%D8%A7%D9%86%DB%8C%D9%87-%D8%B4%D8%B1%D9%82%DB%8C-%DB%B3%DB%B7%DB%B0%D9%85%D8%AA%D8%B1-%D9%88%DB%8C%D9%84%D8%A7%DB%8C%DB%8C-%D9%84%D9%88%DA%A9%DB%8C%D8%B4%D9%86-%D8%B1%D9%88%DB%8C%D8%A7%DB%8C%DB%8C/AassS9lz
اجاره ملک دربست ۷۵ متری پیروزی,آژانس املاک بهشت 2 در نبی اکرم(ص),"ودیعه: ۱,۰۰۰,۰۰۰,۰۰۰ تومان","اجاره: ۶,۰۰۰,۰۰۰ تومان",https://divar.ir/v/%D8%A7%D8%AC%D8%A7%D8%B1%D9%87-%D9%85%D9%84%DA%A9-%D8%AF%D8%B1%D8%A8%D8%B3%D8%AA-%DB%B7%DB%B5-%D9%85%D8%AA%D8%B1%DB%8C-%D9%BE%DB%8C%D8%B1%D9%88%D8%B2%DB%8C/Aaywr1oR
اجاره خانه ویلایی ۶۰ متری ۲ خوابه در زمزم,۷ ساعت پیش در زمزم,"ودیعه: ۲۰۰,۰۰۰,۰۰۰ تومان","اجاره: ۱۱,۰۰۰,۰۰۰ تومان",https://divar.ir/v/%D8%A7%D8%AC%D8%A7%D8%B1%D9%87-%D8%AE%D8%A7%D9%86%D9%87-%D9%88%DB%8C%D9%84%D8%A7%DB%8C%DB%8C-%DB%B6%DB%B0-%D9%85%D8%AA%D8%B1%DB%8C-%DB%B2-%D8%AE%D9%88%D8%A7%D8%A8%D9%87-%D8%AF%D8%B1-%D8%B2%D9%85%D8%B2%D9%85/AaysLdv7
آپارتمان ۷۵متر، طبقه همکف,۷ ساعت پیش در مسعودیه,"ودیعه: ۱۵۰,۰۰۰,۰۰۰ تومان","اجاره: ۱۲,۰۰۰,۰۰۰ تومان",https://divar.ir/v/%D8%A2%D9%BE%D8%A7%D8%B1%D8%AA%D9%85%D8%A7%D9%86-%DB%B7%DB%B5%D9%85%D8%AA%D8%B1-%D8%B7%D8%A8%D9%82%D9%87-%D9%87%D9%85%DA%A9%D9%81/AaysrOj2
