title,location,price,link
فروش گوشی فوری a55,دیروز در شهرک کیانشهر,"۲۰,۰۰۰,۰۰۰ تومان",https://divar.ir/v/%D9%81%D8%B1%D9%88%D8%B4-%DA%AF%D9%88%D8%B4%DB%8C-%D9%81%D9%88%D8%B1%DB%8C-a55/AavQD6ah
a55.256gig 5G,دیروز در تهرانپارس شرقی,"۲۳,۹۰۰,۰۰۰ تومان",https://divar.ir/v/a55-256gig-5g/AavghPrU
سامسونگ با حافظهٔ ۲۵۶ گیگابایت A56*55*35*25*16,در صادقیه,"۱,۰۰۰,۰۰۰ تومان",https://divar.ir/v/%D8%B3%D8%A7%D9%85%D8%B3%D9%88%D9%86%DA%AF-%D8%A8%D8%A7-%D8%AD%D8%A7%D9%81%D8%B8%D9%87%D9%94-%DB%B2%DB%B5%DB%B6-%DA%AF%DB%8C%DA%AF%D8%A7%D8%A8%D8%A7%DB%8C%D8%AA-a56-55-35-25-16/wZwT-Vyf
سامسونگ S24 FE با ۲۵۶//قسطی اقساطی//A16 25 35 55,در آرژانتین,"۱,۰۰۰,۰۰۰ تومان",https://divar.ir/v/%D8%B3%D8%A7%D9%85%D8%B3%D9%88%D9%86%DA%AF-s24-fe-%D8%A8%D8%A7-%DB%B2%DB%B5%DB%B6-%D9%82%D8%B3%D8%B7%DB%8C-%D8%A7%D9%82%D8%B3%D8%A7%D8%B7%DB%8C-a16-25-35-55/wZG_JD5B
گوشی a55(سیمکارت داخلش نرفته),پریروز در آبشار,"۱۳,۵۰۰,۰۰۰ تومان",https://divar.ir/v/%DA%AF%D9%88%D8%B4%DB%8C-a55-%D8%B3%DB%8C%D9%85%DA%A9%D8%A7%D8%B1%D8%AA-%D8%AF%D8%A7%D8%AE%D9%84%D8%B4-%D9%86%D8%B1%D9%81%D8%AA%D9%87/Aau8t1VI
گوشی موبایل Samsung a16 a06 a55 آکبند وطرح معاوضه,در یافت‌آباد,"۱۳,۰۰۰,۰۰۰ تومان",https://divar.ir/v/%DA%AF%D9%88%D8%B4%DB%8C-%D9%85%D9%88%D8%A8%D8%A7%DB%8C%D9%84-samsung-a16-a06-a55-%D8%A2%DA%A9%D8%A8%D9%86%D8%AF-%D9%88%D8%B7%D8%B1%D8%AD-%D9%85%D8%B9%D8%A7%D9%88%D8%B6%D9%87/AarIwTWr
سامسونگ Galaxy A55 با حافظهٔ ۲۵۶ گیگابایت,پریروز در نعمت‌آباد,"۲۶,۰۰۰,۰۰۰ تومان",https://divar.ir/v/%D8%B3%D8%A7%D9%85%D8%B3%D9%88%D9%86%DA%AF-galaxy-a55-%D8%A8%D8%A7-%D8%AD%D8%A7%D9%81%D8%B8%D9%87%D9%94-%DB%B2%DB%B5%DB%B6-%DA%AF%DB%8C%DA%AF%D8%A7%D8%A8%D8%A7%DB%8C%D8%AA/Aausb45n
a55 ۱۲۸,پریروز در آذری,"۲۴,۰۰۰,۰۰۰ تومان",https://divar.ir/v/a55-%DB%B1%DB%B2%DB%B8/AauUj4Cr
سامسونگ Galaxy A55 با حافظهٔ ۲۵۶ گیگابایت,پریروز در آبشار تهران,"۲۵,۰۰۰,۰۰۰ تومان",https://divar.ir/v/%D8%B3%D8%A7%D9%85%D8%B3%D9%88%D9%86%DA%AF-galaxy-a55-%D8%A8%D8%A7-%D8%AD%D8%A7%D9%81%D8%B8%D9%87%D9%94-%DB%B2%DB%B5%DB%B6-%DA%AF%DB%8C%DA%AF%D8%A7%D8%A8%D8%A7%DB%8C%D8%AA/AauIzGaz
سامسونگ a55 با حافظهٔ ۲۵۶ گیگ و رام ۱۲ گیگ,پریروز در یاخچی‌آباد,"۲۸,۵۰۰,۰۰۰ تومان",https://divar.ir/v/%D8%B3%D8%A7%D9%85%D8%B3%D9%88%D9%86%DA%AF-a55-%D8%A8%D8%A7-%D8%AD%D8%A7%D9%81%D8%B8%D9%87%D9%94-%DB%B2%DB%B5%DB%B6-%DA%AF%DB%8C%DA%AF-%D9%88-%D8%B1%D8%A7%D9%85-%DB%B1%DB%B2-%DA%AF%DB%8C%DA%AF/AauoSqed
سامسونگ Galaxy A55 با حافظهٔ ۲۵۶ گیگ ویتنام آکبند,پریروز در افسریه,"۲۸,۰۰۰,۰۰۰ تومان",https://divar.ir/v/%D8%B3%D8%A7%D9%85%D8%B3%D9%88%D9%86%DA%AF-galaxy-a55-%D8%A8%D8%A7-%D8%AD%D8%A7%D9%81%D8%B8%D9%87%D9%94-%DB%B2%DB%B5%DB%B6-%DA%AF%DB%8C%DA%AF-%D9%88%DB%8C%D8%AA%D9%86%D8%A7%D9%85-%D8%A2%DA%A9%D8%A8%D9%86%D8%AF/AauMCFc3
سامسونگ Galaxy A55 با حافظهٔ ۲۵۶ گیگابایت,پریروز در تهرانپارس غربی,"۱۴۰,۰۰۰,۰۰۰ تومان",https://divar.ir/v/%D8%B3%D8%A7%D9%85%D8%B3%D9%88%D9%86%DA%AF-galaxy-a55-%D8%A8%D8%A7-%D8%AD%D8%A7%D9%81%D8%B8%D9%87%D9%94-%DB%B2%DB%B5%DB%B6-%DA%AF%DB%8C%DA%AF%D8%A7%D8%A8%D8%A7%DB%8C%D8%AA/Aau4x32e
سامسونگ Galaxy A55 با حافظهٔ ۲۵۶ گیگابایت,پریروز در شهرک شریعتی,"۵,۰۰۰,۰۰۰ تومان",https://divar.ir/v/%D8%B3%D8%A7%D9%85%D8%B3%D9%88%D9%86%DA%AF-galaxy-a55-%D8%A8%D8%A7-%D8%AD%D8%A7%D9%81%D8%B8%D9%87%D9%94-%DB%B2%DB%B5%DB%B6-%DA%AF%DB%8C%DA%AF%D8%A7%D8%A8%D8%A7%DB%8C%D8%AA/Aaukh84D
A55حافظه 256,پریروز در آهنگ,"۲۴,۰۰۰,۰۰۰ تومان",https://divar.ir/v/a55%D8%AD%D8%A7%D9%81%D8%B8%D9%87-256/AauIx9zj
گوشی موبایل سامسونگ گلکسی a55,۳ روز پیش در اوقاف,"۳۵,۰۰۰,۰۰۰ تومان",https://divar.ir/v/%DA%AF%D9%88%D8%B4%DB%8C-%D9%85%D9%88%D8%A8%D8%A7%DB%8C%D9%84-%D8%B3%D8%A7%D9%85%D8%B3%D9%88%D9%86%DA%AF-%DA%AF%D9%84%DA%A9%D8%B3%DB%8C-a55/Aat4JuST
سامسونگ Galaxy A55 ۲۵۶//35 25 15 16//اقساطی,در آرژانتین,"۱,۰۰۰,۰۰۰ تومان",https://divar.ir/v/%D8%B3%D8%A7%D9%85%D8%B3%D9%88%D9%86%DA%AF-galaxy-a55-%DB%B2%DB%B5%DB%B6-35-25-15-16-%D8%A7%D9%82%D8%B3%D8%A7%D8%B7%DB%8C/wZdRkitQ
15سامسونگA25شیائومی35اولتراs55با24feاپل23ultraقسطی,در شهرک غرب,"۱۱۱,۱۱۱ تومان",https://divar.ir/v/15%D8%B3%D8%A7%D9%85%D8%B3%D9%88%D9%86%DA%AFa25%D8%B4%DB%8C%D8%A7%D8%A6%D9%88%D9%85%DB%8C35%D8%A7%D9%88%D9%84%D8%AA%D8%B1%D8%A7s55%D8%A8%D8%A724fe%D8%A7%D9%BE%D9%8423ultra%D9%82%D8%B3%D8%B7%DB%8C/wZEVCIF_
سامسونگ a55 رم ۸ حافظه ۲۵۶ رنگ سرمه ای,در تهران‌نو,"۲۵,۰۰۰,۰۰۰ تومان",https://divar.ir/v/%D8%B3%D8%A7%D9%85%D8%B3%D9%88%D9%86%DA%AF-a55-%D8%B1%D9%85-%DB%B8-%D8%AD%D8%A7%D9%81%D8%B8%D9%87-%DB%B2%DB%B5%DB%B6-%D8%B1%D9%86%DA%AF-%D8%B3%D8%B1%D9%85%D9%87-%D8%A7%DB%8C/Aar8gzOB
سامسونگ Galaxy A06 با حافظهٔ ۱۲۸ 25*35**55*16,در صادقیه,"۱,۰۰۰,۰۰۰ تومان",https://divar.ir/v/%D8%B3%D8%A7%D9%85%D8%B3%D9%88%D9%86%DA%AF-galaxy-a06-%D8%A8%D8%A7-%D8%AD%D8%A7%D9%81%D8%B8%D9%87%D9%94-%DB%B1%DB%B2%DB%B8-25-35-55-16/wZWDXNOg
موبایل سامسونگ Galaxy A55 باچک فقط یک چک وام بانکی,در مرزداران,"۲۲,۰۰۰ تومان",https://divar.ir/v/%D9%85%D9%88%D8%A8%D8%A7%DB%8C%D9%84-%D8%B3%D8%A7%D9%85%D8%B3%D9%88%D9%86%DA%AF-galaxy-a55-%D8%A8%D8%A7%DA%86%DA%A9-%D9%81%D9%82%D8%B7-%DB%8C%DA%A9-%DA%86%DA%A9-%D9%88%D8%A7%D9%85-%D8%A8%D8%A7%D9%86%DA%A9%DB%8C/wZ7VN5ay
گوشی مبایل a52و a51a55اصلی در حد آکبند واقعی فوری,۳ روز پیش در دزاشیب,"۱۹,۰۰۰,۰۰۰ تومان",https://divar.ir/v/%DA%AF%D9%88%D8%B4%DB%8C-%D9%85%D8%A8%D8%A7%DB%8C%D9%84-a52%D9%88-a51a55%D8%A7%D8%B5%D9%84%DB%8C-%D8%AF%D8%B1-%D8%AD%D8%AF-%D8%A2%DA%A9%D8%A8%D9%86%D8%AF-%D9%88%D8%A7%D9%82%D8%B9%DB%8C-%D9%81%D9%88%D8%B1%DB%8C/Aats3Exd
گوشی A55 حافظه ۲۵۶ اصل ویتنام,۳ روز پیش در امامزاده حسن(ع),"۲۸,۹۰۰,۰۰۰ تومان",https://divar.ir/v/%DA%AF%D9%88%D8%B4%DB%8C-a55-%D8%AD%D8%A7%D9%81%D8%B8%D9%87-%DB%B2%DB%B5%DB%B6-%D8%A7%D8%B5%D9%84-%D9%88%DB%8C%D8%AA%D9%86%D8%A7%D9%85/AatI38Cv
گوشی سامسونگ گلکسی A55,۳ روز پیش در حکیمیه,"۱۲,۰۰۰,۰۰۰ تومان",https://divar.ir/v/%DA%AF%D9%88%D8%B4%DB%8C-%D8%B3%D8%A7%D9%85%D8%B3%D9%88%D9%86%DA%AF-%DA%AF%D9%84%DA%A9%D8%B3%DB%8C-a55/AasEuDWI
a55,۳ روز پیش در خانی‌آباد,"۲۳,۰۰۰,۰۰۰ تومان",https://divar.ir/v/a55/AasItWzy
a55 256 نو,۳ روز پیش در تهرانپارس شرقی,"۲۸,۵۰۰,۰۰۰ تومان",https://divar.ir/v/a55-256-%D9%86%D9%88/AasYohdt
گلکسی A55 پلمپ 256GB آبی یخی با شارژر قاب و گلس,۴ روز پیش در افسریه,"۳۰,۰۰۰,۰۰۰ تومان",https://divar.ir/v/%DA%AF%D9%84%DA%A9%D8%B3%DB%8C-a55-%D9%BE%D9%84%D9%85%D9%BE-256gb-%D8%A2%D8%A8%DB%8C-%DB%8C%D8%AE%DB%8C-%D8%A8%D8%A7-%D8%B4%D8%A7%D8%B1%DA%98%D8%B1-%D9%82%D8%A7%D8%A8-%D9%88-%DA%AF%D9%84%D8%B3/Aas8W8oW
دو عدد گوشی Samsung Galaxy A55 (رم 8 / حافظه 256),۴ روز پیش در چیتگر,"۳۱,۰۰۰,۰۰۰ تومان",https://divar.ir/v/%D8%AF%D9%88-%D8%B9%D8%AF%D8%AF-%DA%AF%D9%88%D8%B4%DB%8C-samsung-galaxy-a55-%D8%B1%D9%85-8-%D8%AD%D8%A7%D9%81%D8%B8%D9%87-256/AarYv4D3
گوشی A55,۴ روز پیش در نارمک,"۷,۴۰۰,۰۰۰ تومان",https://divar.ir/v/%DA%AF%D9%88%D8%B4%DB%8C-a55/AarA_3iH
سامسونگ SAMSUNG A55 5G حافظه ۱۲۸/۲۵۶ گیگ,در چیتگر,"۲۵,۰۰۰,۰۰۰ تومان",https://divar.ir/v/%D8%B3%D8%A7%D9%85%D8%B3%D9%88%D9%86%DA%AF-samsung-a55-5g-%D8%AD%D8%A7%D9%81%D8%B8%D9%87-%DB%B1%DB%B2%DB%B8-%DB%B2%DB%B5%DB%B6-%DA%AF%DB%8C%DA%AF/wZ0jQ8_M
سامسونگ Galaxy A55 با حافظهٔ ۲۵۶ گیگابایت,۵ روز پیش در دولت‌آباد,"۳۰,۵۰۰,۰۰۰ تومان",https://divar.ir/v/%D8%B3%D8%A7%D9%85%D8%B3%D9%88%D9%86%DA%AF-galaxy-a55-%D8%A8%D8%A7-%D8%AD%D8%A7%D9%81%D8%B8%D9%87%D9%94-%DB%B2%DB%B5%DB%B6-%DA%AF%DB%8C%DA%AF%D8%A7%D8%A8%D8%A7%DB%8C%D8%AA/Aaq8t03i
گوشی موبایل سامسونگ A55 طرح اصلی شرکت کلون,در ستارخان,"۶,۰۰۰,۰۰۰ تومان",https://divar.ir/v/%DA%AF%D9%88%D8%B4%DB%8C-%D9%85%D9%88%D8%A8%D8%A7%DB%8C%D9%84-%D8%B3%D8%A7%D9%85%D8%B3%D9%88%D9%86%DA%AF-a55-%D8%B7%D8%B1%D8%AD-%D8%A7%D8%B5%D9%84%DB%8C-%D8%B4%D8%B1%DA%A9%D8%AA-%DA%A9%D9%84%D9%88%D9%86/AafgAxw4
گوشی سامسونگ A55 رام ۸حافظه ۲۵۶طرح اصلی,۵ روز پیش در دولت‌آباد,"۶,۵۰۰,۰۰۰ تومان",https://divar.ir/v/%DA%AF%D9%88%D8%B4%DB%8C-%D8%B3%D8%A7%D9%85%D8%B3%D9%88%D9%86%DA%AF-a55-%D8%B1%D8%A7%D9%85-%DB%B8%D8%AD%D8%A7%D9%81%D8%B8%D9%87-%DB%B2%DB%B5%DB%B6%D8%B7%D8%B1%D8%AD-%D8%A7%D8%B5%D9%84%DB%8C/Aaqg7GHN
سامسونگ A55 5G با حافظهٔ ۲۵۶ گیگابایت,۵ روز پیش در یوسف‌آباد,"۷,۵۰۰,۰۰۰ تومان",https://divar.ir/v/%D8%B3%D8%A7%D9%85%D8%B3%D9%88%D9%86%DA%AF-a55-5g-%D8%A8%D8%A7-%D8%AD%D8%A7%D9%81%D8%B8%D9%87%D9%94-%DB%B2%DB%B5%DB%B6-%DA%AF%DB%8C%DA%AF%D8%A7%D8%A8%D8%A7%DB%8C%D8%AA/AaqQ22ZX
سامسونگ اقساط S23/S24/A35/A55/A25 شیائومی اپل 16,۵ روز پیش در شهرک غرب,"۱۸,۸۰۰,۰۰۰ تومان",https://divar.ir/v/%D8%B3%D8%A7%D9%85%D8%B3%D9%88%D9%86%DA%AF-%D8%A7%D9%82%D8%B3%D8%A7%D8%B7-s23-s24-a35-a55-a25-%D8%B4%DB%8C%D8%A7%D8%A6%D9%88%D9%85%DB%8C-%D8%A7%D9%BE%D9%84-16/AaqsSUbo
سامسونگ Galaxy A55 با حافظهٔ ۲۵۶ گیگابایت,۵ روز پیش در قیام,"۳۰,۰۰۰,۰۰۰ تومان",https://divar.ir/v/%D8%B3%D8%A7%D9%85%D8%B3%D9%88%D9%86%DA%AF-galaxy-a55-%D8%A8%D8%A7-%D8%AD%D8%A7%D9%81%D8%B8%D9%87%D9%94-%DB%B2%DB%B5%DB%B6-%DA%AF%DB%8C%DA%AF%D8%A7%D8%A8%D8%A7%DB%8C%D8%AA/AaqABRzq
سامسونگ پلمپ A55 آکبند،۱۲۸ گیگ,۵ روز پیش در افسریه,"۲۴,۵۰۰,۰۰۰ تومان",https://divar.ir/v/%D8%B3%D8%A7%D9%85%D8%B3%D9%88%D9%86%DA%AF-%D9%BE%D9%84%D9%85%D9%BE-a55-%D8%A2%DA%A9%D8%A8%D9%86%D8%AF-%DB%B1%DB%B2%DB%B8-%DA%AF%DB%8C%DA%AF/AaqIAIMP
گوشیهای آکبند و پلمپ ، S24FE ، A55,۵ روز پیش در افسریه,"۳۰,۰۰۰,۰۰۰ تومان",https://divar.ir/v/%DA%AF%D9%88%D8%B4%DB%8C%D9%87%D8%A7%DB%8C-%D8%A2%DA%A9%D8%A8%D9%86%D8%AF-%D9%88-%D9%BE%D9%84%D9%85%D9%BE-s24fe-a55/AapsPFe3
سامسونگ Galaxy A55 با حافظهٔ ۱۲۸ گیگابایت,۵ روز پیش در هروی,"۲۴,۹۰۰,۰۰۰ تومان",https://divar.ir/v/%D8%B3%D8%A7%D9%85%D8%B3%D9%88%D9%86%DA%AF-galaxy-a55-%D8%A8%D8%A7-%D8%AD%D8%A7%D9%81%D8%B8%D9%87%D9%94-%DB%B1%DB%B2%DB%B8-%DA%AF%DB%8C%DA%AF%D8%A7%D8%A8%D8%A7%DB%8C%D8%AA/Aapku-uD
گوشی سامسونگ A55,۵ روز پیش در ولنجک,"۲۴,۰۰۰,۰۰۰ تومان",https://divar.ir/v/%DA%AF%D9%88%D8%B4%DB%8C-%D8%B3%D8%A7%D9%85%D8%B3%D9%88%D9%86%DA%AF-a55/AapgNacF
سامسونگ Galaxy A55 با حافظهٔ ۲۵۶ گیگابایت,۶ روز پیش در نعمت‌آباد,"۲۷,۵۰۰,۰۰۰ تومان",https://divar.ir/v/%D8%B3%D8%A7%D9%85%D8%B3%D9%88%D9%86%DA%AF-galaxy-a55-%D8%A8%D8%A7-%D8%AD%D8%A7%D9%81%D8%B8%D9%87%D9%94-%DB%B2%DB%B5%DB%B6-%DA%AF%DB%8C%DA%AF%D8%A7%D8%A8%D8%A7%DB%8C%D8%AA/Aapws44t
سامسونگ A55 آکبند,در میدان ولیعصر,"۲۷,۹۰۰,۰۰۰ تومان",https://divar.ir/v/%D8%B3%D8%A7%D9%85%D8%B3%D9%88%D9%86%DA%AF-a55-%D8%A2%DA%A9%D8%A8%D9%86%D8%AF/AapA7pzK
گالکسی A55,۶ روز پیش در دولت‌آباد,"۲۹,۵۰۰,۰۰۰ تومان",https://divar.ir/v/%DA%AF%D8%A7%D9%84%DA%A9%D8%B3%DB%8C-a55/Aap4avvv
گوشی سامسونگ a55 اصل ویتنام,هفتهٔ پیش در علی‌آباد,"۲۴,۵۰۰,۰۰۰ تومان",https://divar.ir/v/%DA%AF%D9%88%D8%B4%DB%8C-%D8%B3%D8%A7%D9%85%D8%B3%D9%88%D9%86%DA%AF-a55-%D8%A7%D8%B5%D9%84-%D9%88%DB%8C%D8%AA%D9%86%D8%A7%D9%85/AanUOu0v
سامسونگ Galaxy A55 با حافظهٔ ۱۲۸ گیگابایت,هفتهٔ پیش در تولید دارو,"۲۱,۰۰۰,۰۰۰ تومان",https://divar.ir/v/%D8%B3%D8%A7%D9%85%D8%B3%D9%88%D9%86%DA%AF-galaxy-a55-%D8%A8%D8%A7-%D8%AD%D8%A7%D9%81%D8%B8%D9%87%D9%94-%DB%B1%DB%B2%DB%B8-%DA%AF%DB%8C%DA%AF%D8%A7%D8%A8%D8%A7%DB%8C%D8%AA/Aankn6QI
سامسونگ شیائومی اپل13چک‌ یا بازنشسته a25 a35 a55,در شهرک غرب,"۱۰۰,۰۰۰ تومان",https://divar.ir/v/%D8%B3%D8%A7%D9%85%D8%B3%D9%88%D9%86%DA%AF-%D8%B4%DB%8C%D8%A7%D8%A6%D9%88%D9%85%DB%8C-%D8%A7%D9%BE%D9%8413%DA%86%DA%A9-%DB%8C%D8%A7-%D8%A8%D8%A7%D8%B2%D9%86%D8%B4%D8%B3%D8%AA%D9%87-a25-a35-a55/gZ0Ti17t
سامسونگa55 گارانتی فعال,هفتهٔ پیش در شهرک کیانشهر,"۲۳,۸۰۰,۰۰۰ تومان",https://divar.ir/v/%D8%B3%D8%A7%D9%85%D8%B3%D9%88%D9%86%DA%AFa55-%DA%AF%D8%A7%D8%B1%D8%A7%D9%86%D8%AA%DB%8C-%D9%81%D8%B9%D8%A7%D9%84/AanIT5Ep
سامسونگ Galaxy A55 با حافظهٔ ۲۵۶ گیگابایت,هفتهٔ پیش در آشتیانی,"۲۶,۱۰۰,۰۰۰ تومان",https://divar.ir/v/%D8%B3%D8%A7%D9%85%D8%B3%D9%88%D9%86%DA%AF-galaxy-a55-%D8%A8%D8%A7-%D8%AD%D8%A7%D9%81%D8%B8%D9%87%D9%94-%DB%B2%DB%B5%DB%B6-%DA%AF%DB%8C%DA%AF%D8%A7%D8%A8%D8%A7%DB%8C%D8%AA/AancxUB9
فروش سامسونگ Galaxy ‌A55,هفتهٔ پیش در پاتریس لومومبا,"۲۵,۴۰۰,۰۰۰ تومان",https://divar.ir/v/%D9%81%D8%B1%D9%88%D8%B4-%D8%B3%D8%A7%D9%85%D8%B3%D9%88%D9%86%DA%AF-galaxy-a55/Aai0Qudj
فروش اقساطی A55,در میرداماد,"۱۰,۰۰۰,۰۰۰ تومان",https://divar.ir/v/%D9%81%D8%B1%D9%88%D8%B4-%D8%A7%D9%82%D8%B3%D8%A7%D8%B7%DB%8C-a55/wZvmjAOq
سامسونگ Galaxy A55 با حافظهٔ ۲۵۶ گیگابایت,هفتهٔ پیش در بیسیم,"۸,۰۰۰,۰۰۰ تومان",https://divar.ir/v/%D8%B3%D8%A7%D9%85%D8%B3%D9%88%D9%86%DA%AF-galaxy-a55-%D8%A8%D8%A7-%D8%AD%D8%A7%D9%81%D8%B8%D9%87%D9%94-%DB%B2%DB%B5%DB%B6-%DA%AF%DB%8C%DA%AF%D8%A7%D8%A8%D8%A7%DB%8C%D8%AA/AalEuo0F
سامسونگ Galaxy A55 با حافظهٔ ۲۵۶ گیگابایت,هفتهٔ پیش در تهرانپارس شرقی,"۲۸,۱۰۰,۰۰۰ تومان",https://divar.ir/v/%D8%B3%D8%A7%D9%85%D8%B3%D9%88%D9%86%DA%AF-galaxy-a55-%D8%A8%D8%A7-%D8%AD%D8%A7%D9%81%D8%B8%D9%87%D9%94-%DB%B2%DB%B5%DB%B6-%DA%AF%DB%8C%DA%AF%D8%A7%D8%A8%D8%A7%DB%8C%D8%AA/AalctoYO
سامسونگ سامسونگ Galaxy A54 A55. A35. A34,در آرارات,"۱,۰۰۰,۰۰۰ تومان",https://divar.ir/v/%D8%B3%D8%A7%D9%85%D8%B3%D9%88%D9%86%DA%AF-%D8%B3%D8%A7%D9%85%D8%B3%D9%88%D9%86%DA%AF-galaxy-a54-a55-a35-a34/wZqFsvNW
سامسونگ Galaxy A55 با حافظهٔ ۲۵۶ گیگابایت,هفتهٔ پیش در ابوذر (منطقه ۱۵),"۲۶,۳۶۰,۰۰۰ تومان",https://divar.ir/v/%D8%B3%D8%A7%D9%85%D8%B3%D9%88%D9%86%DA%AF-galaxy-a55-%D8%A8%D8%A7-%D8%AD%D8%A7%D9%81%D8%B8%D9%87%D9%94-%DB%B2%DB%B5%DB%B6-%DA%AF%DB%8C%DA%AF%D8%A7%D8%A8%D8%A7%DB%8C%D8%AA/Aal8K2Ec
شیائومی note 13 سامسونگ A25 باچک A55 یا بازنشستگان,در شهرک غرب,"۱۰۰,۰۰۰ تومان",https://divar.ir/v/%D8%B4%DB%8C%D8%A7%D8%A6%D9%88%D9%85%DB%8C-note-13-%D8%B3%D8%A7%D9%85%D8%B3%D9%88%D9%86%DA%AF-a25-%D8%A8%D8%A7%DA%86%DA%A9-a55-%DB%8C%D8%A7-%D8%A8%D8%A7%D8%B2%D9%86%D8%B4%D8%B3%D8%AA%DA%AF%D8%A7%D9%86/gZxDZHJo
A55 گوشی,هفتهٔ پیش در خلیج فارس,"۲۴,۴۰۰,۰۰۰ تومان",https://divar.ir/v/a55-%DA%AF%D9%88%D8%B4%DB%8C/AalkneY0
GALAXY A 55 ORIGINAL با کارتن,هفتهٔ پیش در امیر بهادر,"۱,۰۰۰ تومان",https://divar.ir/v/galaxy-a-55-original-%D8%A8%D8%A7-%DA%A9%D8%A7%D8%B1%D8%AA%D9%86/Aak4_XdU
سامسونگ Galaxy A55 5G با حافظه 256 گیگابایت,هفتهٔ پیش در طرشت,"۲۶,۴۰۰,۰۰۰ تومان",https://divar.ir/v/%D8%B3%D8%A7%D9%85%D8%B3%D9%88%D9%86%DA%AF-galaxy-a55-5g-%D8%A8%D8%A7-%D8%AD%D8%A7%D9%81%D8%B8%D9%87-256-%DA%AF%DB%8C%DA%AF%D8%A7%D8%A8%D8%A7%DB%8C%D8%AA/Aaj4qmjf
سامسونگ a55 آکبند 256 گیگ Samsung A55 256,هفتهٔ پیش در شهران جنوبی,"۳۲,۰۰۰,۰۰۰ تومان",https://divar.ir/v/%D8%B3%D8%A7%D9%85%D8%B3%D9%88%D9%86%DA%AF-a55-%D8%A2%DA%A9%D8%A8%D9%86%D8%AF-256-%DA%AF%DB%8C%DA%AF-samsung-a55-256/AajIaDkY
a55 در حد اکبند 265,هفتهٔ پیش در جیحون,"۲۷,۵۰۰,۰۰۰ تومان",https://divar.ir/v/a55-%D8%AF%D8%B1-%D8%AD%D8%AF-%D8%A7%DA%A9%D8%A8%D9%86%D8%AF-265/Aaj4ootY
سامسونگ Galaxy A55 با حافظهٔ ۱۲۸ گیگابایت رم8,هفتهٔ پیش در صاحب الزمان,"۲۱,۰۰۰,۰۰۰ تومان",https://divar.ir/v/%D8%B3%D8%A7%D9%85%D8%B3%D9%88%D9%86%DA%AF-galaxy-a55-%D8%A8%D8%A7-%D8%AD%D8%A7%D9%81%D8%B8%D9%87%D9%94-%DB%B1%DB%B2%DB%B8-%DA%AF%DB%8C%DA%AF%D8%A7%D8%A8%D8%A7%DB%8C%D8%AA-%D8%B1%D9%858/Aajo3-wm
سامسونگA55 رم8 و 128GB حافظه داخلی پلمپ,هفتهٔ پیش در افسریه,"۲۵,۴۰۰,۰۰۰ تومان",https://divar.ir/v/%D8%B3%D8%A7%D9%85%D8%B3%D9%88%D9%86%DA%AFa55-%D8%B1%D9%858-%D9%88-128gb-%D8%AD%D8%A7%D9%81%D8%B8%D9%87-%D8%AF%D8%A7%D8%AE%D9%84%DB%8C-%D9%BE%D9%84%D9%85%D9%BE/Aaj00cUu
سامسونگ a55,هفتهٔ پیش در استاد معین,"۲۳,۰۰۰,۰۰۰ تومان",https://divar.ir/v/%D8%B3%D8%A7%D9%85%D8%B3%D9%88%D9%86%DA%AF-a55/AajckSMP
A55 256G,در اکباتان,"۳۰,۹۰۰,۰۰۰ تومان",https://divar.ir/v/a55-256g/AahUv3s8
سامسونگ A55,هفتهٔ پیش در بازار,"۲۹,۰۰۰,۰۰۰ تومان",https://divar.ir/v/%D8%B3%D8%A7%D9%85%D8%B3%D9%88%D9%86%DA%AF-a55/AajI0FQW
سامسونگ A55 ویتنام رم ۸ حافظه ۲۵۶,هفتهٔ پیش در دردشت,"۲۷,۰۰۰,۰۰۰ تومان",https://divar.ir/v/%D8%B3%D8%A7%D9%85%D8%B3%D9%88%D9%86%DA%AF-a55-%D9%88%DB%8C%D8%AA%D9%86%D8%A7%D9%85-%D8%B1%D9%85-%DB%B8-%D8%AD%D8%A7%D9%81%D8%B8%D9%87-%DB%B2%DB%B5%DB%B6/AajEUweE
گوشی موبایل سامسونگ A55 128 gig,هفتهٔ پیش در شهران شمالی,"۲۸,۵۰۰,۰۰۰ تومان",https://divar.ir/v/%DA%AF%D9%88%D8%B4%DB%8C-%D9%85%D9%88%D8%A8%D8%A7%DB%8C%D9%84-%D8%B3%D8%A7%D9%85%D8%B3%D9%88%D9%86%DA%AF-a55-128-gig/AajwjEFJ
S25ult S24ult S24fe A56 A55 A36 A35 خرید اقساطی,در باغ فیض,"۱,۰۰۰,۰۰۰ تومان",https://divar.ir/v/s25ult-s24ult-s24fe-a56-a55-a36-a35-%D8%AE%D8%B1%DB%8C%D8%AF-%D8%A7%D9%82%D8%B3%D8%A7%D8%B7%DB%8C/AaMYa2Hz
گوشی A55,هفتهٔ پیش در تهران‌سر,"۳۲,۰۰۰,۰۰۰ تومان",https://divar.ir/v/%DA%AF%D9%88%D8%B4%DB%8C-a55/AajwBlho
سامسونگ Galaxy A55 با حافظهٔ ۱۲۸ گیگابایت,هفتهٔ پیش در نواب,"۲۳,۵۰۰,۰۰۰ تومان",https://divar.ir/v/%D8%B3%D8%A7%D9%85%D8%B3%D9%88%D9%86%DA%AF-galaxy-a55-%D8%A8%D8%A7-%D8%AD%D8%A7%D9%81%D8%B8%D9%87%D9%94-%DB%B1%DB%B2%DB%B8-%DA%AF%DB%8C%DA%AF%D8%A7%D8%A8%D8%A7%DB%8C%D8%AA/AajoBfLK
سامسونگ Galaxy A55 با حافظهٔ ۲۵۶ گیگابایت,هفتهٔ پیش در سازمان برنامه,"۲۹,۰۰۰,۰۰۰ تومان",https://divar.ir/v/%D8%B3%D8%A7%D9%85%D8%B3%D9%88%D9%86%DA%AF-galaxy-a55-%D8%A8%D8%A7-%D8%AD%D8%A7%D9%81%D8%B8%D9%87%D9%94-%DB%B2%DB%B5%DB%B6-%DA%AF%DB%8C%DA%AF%D8%A7%D8%A8%D8%A7%DB%8C%D8%AA/AajgxMeq
A55,در ونک,"۱۱,۰۰۰,۰۰۰ تومان",https://divar.ir/v/a55/AafMIPDs
از دم قسط s24 ultra fe s25 a56 a36 a55 بازنشستگان,در باغ فیض,"۱,۰۰۰,۰۰۰ تومان",https://divar.ir/v/%D8%A7%D8%B2-%D8%AF%D9%85-%D9%82%D8%B3%D8%B7-s24-ultra-fe-s25-a56-a36-a55-%D8%A8%D8%A7%D8%B2%D9%86%D8%B4%D8%B3%D8%AA%DA%AF%D8%A7%D9%86/AaXcyjvN
گوشی a55 سامسونگ 256 گیگ رم 8 مشکی ویتنام,هفتهٔ پیش در افسریه,"۲۹,۰۰۰,۰۰۰ تومان",https://divar.ir/v/%DA%AF%D9%88%D8%B4%DB%8C-a55-%D8%B3%D8%A7%D9%85%D8%B3%D9%88%D9%86%DA%AF-256-%DA%AF%DB%8C%DA%AF-%D8%B1%D9%85-8-%D9%85%D8%B4%DA%A9%DB%8C-%D9%88%DB%8C%D8%AA%D9%86%D8%A7%D9%85/Aag0dyDQ
سامسونگ Galaxy A55 با حافظهٔ ۲۵۶ گیگابایت,هفتهٔ پیش در سلسبیل,"۲۶,۵۰۰,۰۰۰ تومان",https://divar.ir/v/%D8%B3%D8%A7%D9%85%D8%B3%D9%88%D9%86%DA%AF-galaxy-a55-%D8%A8%D8%A7-%D8%AD%D8%A7%D9%81%D8%B8%D9%87%D9%94-%DB%B2%DB%B5%DB%B6-%DA%AF%DB%8C%DA%AF%D8%A7%D8%A8%D8%A7%DB%8C%D8%AA/Aags9rkI
a55 نو داخل کارتون,هفتهٔ پیش در صفا,"۲۹,۹۰۰,۰۰۰ تومان",https://divar.ir/v/a55-%D9%86%D9%88-%D8%AF%D8%A7%D8%AE%D9%84-%DA%A9%D8%A7%D8%B1%D8%AA%D9%88%D9%86/AagwsfHK
سامسونگ A55 ساخت ویتنام، نو با حافظهٔ ۲۵۶ گیگابایت,هفتهٔ پیش در کرمان,"۹,۰۰۰,۰۰۰ تومان",https://divar.ir/v/%D8%B3%D8%A7%D9%85%D8%B3%D9%88%D9%86%DA%AF-a55-%D8%B3%D8%A7%D8%AE%D8%AA-%D9%88%DB%8C%D8%AA%D9%86%D8%A7%D9%85-%D9%86%D9%88-%D8%A8%D8%A7-%D8%AD%D8%A7%D9%81%D8%B8%D9%87%D9%94-%DB%B2%DB%B5%DB%B6-%DA%AF%DB%8C%DA%AF%D8%A7%D8%A8%D8%A7%DB%8C%D8%AA/Aagk88jj
سامسونگ جدید A55/A35/A25 باچک ۲۵۶ گیگ ویتنام,در شهرک غرب,"۳,۵۰۰,۰۰۰ تومان",https://divar.ir/v/%D8%B3%D8%A7%D9%85%D8%B3%D9%88%D9%86%DA%AF-%D8%AC%D8%AF%DB%8C%D8%AF-a55-a35-a25-%D8%A8%D8%A7%DA%86%DA%A9-%DB%B2%DB%B5%DB%B6-%DA%AF%DB%8C%DA%AF-%D9%88%DB%8C%D8%AA%D9%86%D8%A7%D9%85/gZO0YeHR
گوشی سامسونگ Galaxy A55 5G ظرفیت 256 گیگ ویتنام,در جمهوری,"۲۹,۰۰۰,۰۰۰ تومان",https://divar.ir/v/%DA%AF%D9%88%D8%B4%DB%8C-%D8%B3%D8%A7%D9%85%D8%B3%D9%88%D9%86%DA%AF-galaxy-a55-5g-%D8%B8%D8%B1%D9%81%DB%8C%D8%AA-256-%DA%AF%DB%8C%DA%AF-%D9%88%DB%8C%D8%AA%D9%86%D8%A7%D9%85/Aacw8ReI
گوشی پلمپ ،a55,هفتهٔ پیش در شهرک آزادی,"۳۰,۰۰۰,۰۰۰ تومان",https://divar.ir/v/%DA%AF%D9%88%D8%B4%DB%8C-%D9%BE%D9%84%D9%85%D9%BE-a55/AagQ7aNE
سامسونگ Galaxy A55 با حافظهٔ ۲۵۶ گیگابایت,هفتهٔ پیش در تهران‌سر,"۶۵,۰۰۰,۰۰۰ تومان",https://divar.ir/v/%D8%B3%D8%A7%D9%85%D8%B3%D9%88%D9%86%DA%AF-galaxy-a55-%D8%A8%D8%A7-%D8%AD%D8%A7%D9%81%D8%B8%D9%87%D9%94-%DB%B2%DB%B5%DB%B6-%DA%AF%DB%8C%DA%AF%D8%A7%D8%A8%D8%A7%DB%8C%D8%AA/AagI7h0a
سامسونگ Galaxy A55 با حافظهٔ ۲۵۶ گیگابایت,هفتهٔ پیش در نارمک,"۲۹,۰۰۰,۰۰۰ تومان",https://divar.ir/v/%D8%B3%D8%A7%D9%85%D8%B3%D9%88%D9%86%DA%AF-galaxy-a55-%D8%A8%D8%A7-%D8%AD%D8%A7%D9%81%D8%B8%D9%87%D9%94-%DB%B2%DB%B5%DB%B6-%DA%AF%DB%8C%DA%AF%D8%A7%D8%A8%D8%A7%DB%8C%D8%AA/Aagk5y1g
گوشیa55 باحافظه 256گیگابایت,۲ هفته پیش در شهر‌زیبا,"۳۱,۵۰۰,۰۰۰ تومان",https://divar.ir/v/%DA%AF%D9%88%D8%B4%DB%8Ca55-%D8%A8%D8%A7%D8%AD%D8%A7%D9%81%D8%B8%D9%87-256%DA%AF%DB%8C%DA%AF%D8%A7%D8%A8%D8%A7%DB%8C%D8%AA/AagEpwTN
سامسونگ Galaxy A55 با حافظهٔ ۱۲۸ گیگابایت,۲ هفته پیش در نیرو هوایی,"۲۳۰,۰۰۰,۰۰۰ تومان",https://divar.ir/v/%D8%B3%D8%A7%D9%85%D8%B3%D9%88%D9%86%DA%AF-galaxy-a55-%D8%A8%D8%A7-%D8%AD%D8%A7%D9%81%D8%B8%D9%87%D9%94-%DB%B1%DB%B2%DB%B8-%DA%AF%DB%8C%DA%AF%D8%A7%D8%A8%D8%A7%DB%8C%D8%AA/AagAGiV_
گوشی سامسونگ A55 5G ۲۵۶ گیگ‌ رم ۸,۲ هفته پیش در ونک,"۳۰,۳۰۰,۰۰۰ تومان",https://divar.ir/v/%DA%AF%D9%88%D8%B4%DB%8C-%D8%B3%D8%A7%D9%85%D8%B3%D9%88%D9%86%DA%AF-a55-5g-%DB%B2%DB%B5%DB%B6-%DA%AF%DB%8C%DA%AF-%D8%B1%D9%85-%DB%B8/Aag0F0D3
سامسونگ a55/a35/a16 آیفون 16 زیر قیمت بازار,۲ هفته پیش در میدان حر,"۲۸,۲۰۰,۰۰۰ تومان",https://divar.ir/v/%D8%B3%D8%A7%D9%85%D8%B3%D9%88%D9%86%DA%AF-a55-a35-a16-%D8%A2%DB%8C%D9%81%D9%88%D9%86-16-%D8%B2%DB%8C%D8%B1-%D9%82%DB%8C%D9%85%D8%AA-%D8%A8%D8%A7%D8%B2%D8%A7%D8%B1/Aaf80DqC
سامسونگ Galaxy A55 با حافظهٔ ۱۲۸ گیگابایت,۲ هفته پیش در خلیج فارس,"۲۲,۰۰۰,۰۰۰ تومان",https://divar.ir/v/%D8%B3%D8%A7%D9%85%D8%B3%D9%88%D9%86%DA%AF-galaxy-a55-%D8%A8%D8%A7-%D8%AD%D8%A7%D9%81%D8%B8%D9%87%D9%94-%DB%B1%DB%B2%DB%B8-%DA%AF%DB%8C%DA%AF%D8%A7%D8%A8%D8%A7%DB%8C%D8%AA/AafAUCEr
سامسونگ Galaxy A55 با حافظهٔ ۲۵۶ گیگابایت,در سهروردی,"۲۸,۰۰۰,۰۰۰ تومان",https://divar.ir/v/%D8%B3%D8%A7%D9%85%D8%B3%D9%88%D9%86%DA%AF-galaxy-a55-%D8%A8%D8%A7-%D8%AD%D8%A7%D9%81%D8%B8%D9%87%D9%94-%DB%B2%DB%B5%DB%B6-%DA%AF%DB%8C%DA%AF%D8%A7%D8%A8%D8%A7%DB%8C%D8%AA/Aab08_jD
گوشی سامسونگ مدل A55 حافظه ۲۵۶ گیگ آکبند,۲ هفته پیش در پیروزی,"۱۲۴,۰۰۰,۰۰۰ تومان",https://divar.ir/v/%DA%AF%D9%88%D8%B4%DB%8C-%D8%B3%D8%A7%D9%85%D8%B3%D9%88%D9%86%DA%AF-%D9%85%D8%AF%D9%84-a55-%D8%AD%D8%A7%D9%81%D8%B8%D9%87-%DB%B2%DB%B5%DB%B6-%DA%AF%DB%8C%DA%AF-%D8%A2%DA%A9%D8%A8%D9%86%D8%AF/Aaf8xpv4
شیائومی اقساطی سامسونگ A55 A35 A25 A15 اپل همه مدل,در شهرک غرب,"۱۰۰,۰۰۰ تومان",https://divar.ir/v/%D8%B4%DB%8C%D8%A7%D8%A6%D9%88%D9%85%DB%8C-%D8%A7%D9%82%D8%B3%D8%A7%D8%B7%DB%8C-%D8%B3%D8%A7%D9%85%D8%B3%D9%88%D9%86%DA%AF-a55-a35-a25-a15-%D8%A7%D9%BE%D9%84-%D9%87%D9%85%D9%87-%D9%85%D8%AF%D9%84/wZaOjxif
سامسونگ سامسونگ a55 با حافظهٔ ۲۵۶ گیگابایت,۲ هفته پیش در استخر,"۳۰,۰۰۰,۰۰۰ تومان",https://divar.ir/v/%D8%B3%D8%A7%D9%85%D8%B3%D9%88%D9%86%DA%AF-%D8%B3%D8%A7%D9%85%D8%B3%D9%88%D9%86%DA%AF-a55-%D8%A8%D8%A7-%D8%AD%D8%A7%D9%81%D8%B8%D9%87%D9%94-%DB%B2%DB%B5%DB%B6-%DA%AF%DB%8C%DA%AF%D8%A7%D8%A8%D8%A7%DB%8C%D8%AA/AaeUNgBa
a55 5g,۲ هفته پیش در دولت‌آباد,"۲۳,۰۰۰,۰۰۰ تومان",https://divar.ir/v/a55-5g/AaeUUEd7
سامسونگ Galaxy A55 با حافظهٔ ۲۵۶ گیگابایت,۲ هفته پیش در مدائن,"۲۴,۸۰۰,۰۰۰ تومان",https://divar.ir/v/%D8%B3%D8%A7%D9%85%D8%B3%D9%88%D9%86%DA%AF-galaxy-a55-%D8%A8%D8%A7-%D8%AD%D8%A7%D9%81%D8%B8%D9%87%D9%94-%DB%B2%DB%B5%DB%B6-%DA%AF%DB%8C%DA%AF%D8%A7%D8%A8%D8%A7%DB%8C%D8%AA/AaeMzjj_
A55,۲ هفته پیش در حکیمیه,"۲۵,۰۰۰,۰۰۰ تومان",https://divar.ir/v/a55/Aae0SQ3K
A55,۲ هفته پیش در شهرک طالقانی,"۲۴,۸۰۰,۰۰۰ تومان",https://divar.ir/v/a55/AadUbTGz
سامسونگ galaxy A55 256 ram 8,۲ هفته پیش در امیرآباد,"۲۶,۰۰۰,۰۰۰ تومان",https://divar.ir/v/%D8%B3%D8%A7%D9%85%D8%B3%D9%88%D9%86%DA%AF-galaxy-a55-256-ram-8/AadkKnD-
گوشی سامسونگ a55 و a35,۲ هفته پیش در نازی‌آباد,"۲۸,۳۰۰,۰۰۰ تومان",https://divar.ir/v/%DA%AF%D9%88%D8%B4%DB%8C-%D8%B3%D8%A7%D9%85%D8%B3%D9%88%D9%86%DA%AF-a55-%D9%88-a35/AacUtlVx
سامسونگ Galaxy A55 با حافظهٔ ۲۵۶ گیگابایت,۲ هفته پیش در خاقانی,"۲۷,۰۰۰,۰۰۰ تومان",https://divar.ir/v/%D8%B3%D8%A7%D9%85%D8%B3%D9%88%D9%86%DA%AF-galaxy-a55-%D8%A8%D8%A7-%D8%AD%D8%A7%D9%81%D8%B8%D9%87%D9%94-%DB%B2%DB%B5%DB%B6-%DA%AF%DB%8C%DA%AF%D8%A7%D8%A8%D8%A7%DB%8C%D8%AA/AacQc_Qz
سامسونگ Galaxy A55 با حافظهٔ ۲۵۶ بدون پیش پرداخت,در هفت حوض,"۱,۰۰۰,۰۰۰ تومان",https://divar.ir/v/%D8%B3%D8%A7%D9%85%D8%B3%D9%88%D9%86%DA%AF-galaxy-a55-%D8%A8%D8%A7-%D8%AD%D8%A7%D9%81%D8%B8%D9%87%D9%94-%DB%B2%DB%B5%DB%B6-%D8%A8%D8%AF%D9%88%D9%86-%D9%BE%DB%8C%D8%B4-%D9%BE%D8%B1%D8%AF%D8%A7%D8%AE%D8%AA/AacEZ6zr
سامسونگ a55 a35 a25 اپل A15 S23 شیائومی note 13PRO,در شهرک غرب,"۳,۵۰۰,۰۰۰ تومان",https://divar.ir/v/%D8%B3%D8%A7%D9%85%D8%B3%D9%88%D9%86%DA%AF-a55-a35-a25-%D8%A7%D9%BE%D9%84-a15-s23-%D8%B4%DB%8C%D8%A7%D8%A6%D9%88%D9%85%DB%8C-note-13pro/gZAylmOL
سامسونگ Galaxy A55 با حافظهٔ ۱۲۸ گیگابایت,۲ هفته پیش در سعادت‌آباد,"۲۴,۵۰۰,۰۰۰ تومان",https://divar.ir/v/%D8%B3%D8%A7%D9%85%D8%B3%D9%88%D9%86%DA%AF-galaxy-a55-%D8%A8%D8%A7-%D8%AD%D8%A7%D9%81%D8%B8%D9%87%D9%94-%DB%B1%DB%B2%DB%B8-%DA%AF%DB%8C%DA%AF%D8%A7%D8%A8%D8%A7%DB%8C%D8%AA/Aab83F8_
گوشی سامسونگa55 و a35,۲ هفته پیش در بریانک,"۲۶,۰۰۰,۰۰۰ تومان",https://divar.ir/v/%DA%AF%D9%88%D8%B4%DB%8C-%D8%B3%D8%A7%D9%85%D8%B3%D9%88%D9%86%DA%AFa55-%D9%88-a35/AabUHtqw
سامسونگ Galaxy A55 با حافظهٔ ۲۵۶ گیگابایت,۲ هفته پیش در تهرانپارس غربی,"۳۰,۰۰۰,۰۰۰ تومان",https://divar.ir/v/%D8%B3%D8%A7%D9%85%D8%B3%D9%88%D9%86%DA%AF-galaxy-a55-%D8%A8%D8%A7-%D8%AD%D8%A7%D9%81%D8%B8%D9%87%D9%94-%DB%B2%DB%B5%DB%B6-%DA%AF%DB%8C%DA%AF%D8%A7%D8%A8%D8%A7%DB%8C%D8%AA/AabMnHoR
گوشی a55در حد نو,۲ هفته پیش در جابری,"۲۴,۵۰۰,۰۰۰ تومان",https://divar.ir/v/%DA%AF%D9%88%D8%B4%DB%8C-a55%D8%AF%D8%B1-%D8%AD%D8%AF-%D9%86%D9%88/AabMGW2D
گوشی a55سالم,۲ هفته پیش در شهرک ولیعصر,"۲۴,۵۰۰,۰۰۰ تومان",https://divar.ir/v/%DA%AF%D9%88%D8%B4%DB%8C-a55%D8%B3%D8%A7%D9%84%D9%85/AabwlLaR
A55 سامسونگ,۲ هفته پیش در شمیران‌نو,"۲۷,۰۰۰,۰۰۰ تومان",https://divar.ir/v/a55-%D8%B3%D8%A7%D9%85%D8%B3%D9%88%D9%86%DA%AF/AabESwqx
موبایل A55 سامسونگ,۲ هفته پیش در شمیران‌نو,"۲۸,۰۰۰,۰۰۰ تومان",https://divar.ir/v/%D9%85%D9%88%D8%A8%D8%A7%DB%8C%D9%84-a55-%D8%B3%D8%A7%D9%85%D8%B3%D9%88%D9%86%DA%AF/Aab8hFx5
سامسونگ Galaxy A55 با حافظهٔ ۱۲۸ گیگابایت,در استاد معین,"۲۴,۸۰۰,۰۰۰ تومان",https://divar.ir/v/%D8%B3%D8%A7%D9%85%D8%B3%D9%88%D9%86%DA%AF-galaxy-a55-%D8%A8%D8%A7-%D8%AD%D8%A7%D9%81%D8%B8%D9%87%D9%94-%DB%B1%DB%B2%DB%B8-%DA%AF%DB%8C%DA%AF%D8%A7%D8%A8%D8%A7%DB%8C%D8%AA/AaPI0qDX
سامسونگ A55/A35 اقساطی تا ۱۲ ماه,در شهرک غرب,"۱۰۰,۰۰۰ تومان",https://divar.ir/v/%D8%B3%D8%A7%D9%85%D8%B3%D9%88%D9%86%DA%AF-a55-a35-%D8%A7%D9%82%D8%B3%D8%A7%D8%B7%DB%8C-%D8%AA%D8%A7-%DB%B1%DB%B2-%D9%85%D8%A7%D9%87/AabcgGIq
سامسونگ Galaxy A55,۲ هفته پیش در آهنگ,"۲۸,۰۰۰,۰۰۰ تومان",https://divar.ir/v/%D8%B3%D8%A7%D9%85%D8%B3%D9%88%D9%86%DA%AF-galaxy-a55/AaaolGLJ
سامسونگ A55سفید,۲ هفته پیش در شمیران‌نو,"۲۶,۵۰۰,۰۰۰ تومان",https://divar.ir/v/%D8%B3%D8%A7%D9%85%D8%B3%D9%88%D9%86%DA%AF-a55%D8%B3%D9%81%DB%8C%D8%AF/AaasjCKL
سامسونگ Galaxy A55 نقد و اقساط,۲ هفته پیش در دریاچه شهدای خلیج فارس,"۱,۱۰۰,۰۰۰ تومان",https://divar.ir/v/%D8%B3%D8%A7%D9%85%D8%B3%D9%88%D9%86%DA%AF-galaxy-a55-%D9%86%D9%82%D8%AF-%D9%88-%D8%A7%D9%82%D8%B3%D8%A7%D8%B7/AaaAhfNQ
سامسونگ Galaxy A55 با حافظهٔ ۲۵۶ گیگابایت,۲ هفته پیش در سعادت‌آباد,"۸,۵۰۰,۰۰۰ تومان",https://divar.ir/v/%D8%B3%D8%A7%D9%85%D8%B3%D9%88%D9%86%DA%AF-galaxy-a55-%D8%A8%D8%A7-%D8%AD%D8%A7%D9%81%D8%B8%D9%87%D9%94-%DB%B2%DB%B5%DB%B6-%DA%AF%DB%8C%DA%AF%D8%A7%D8%A8%D8%A7%DB%8C%D8%AA/Aaa4A-1y
سامسونگ Galaxy A55 با حافظهٔ ۲۵۶ گیگابایت,۲ هفته پیش در امامزاده حسن(ع),"۸,۰۰۰,۰۰۰ تومان",https://divar.ir/v/%D8%B3%D8%A7%D9%85%D8%B3%D9%88%D9%86%DA%AF-galaxy-a55-%D8%A8%D8%A7-%D8%AD%D8%A7%D9%81%D8%B8%D9%87%D9%94-%DB%B2%DB%B5%DB%B6-%DA%AF%DB%8C%DA%AF%D8%A7%D8%A8%D8%A7%DB%8C%D8%AA/AaYU6Xti
ساسونگ A55 / موبایلدوست / شرق و غرب / خرید و فروش,۲ هفته پیش در مرزداران,"۲۰,۹۰۰,۰۰۰ تومان",https://divar.ir/v/%D8%B3%D8%A7%D8%B3%D9%88%D9%86%DA%AF-a55-%D9%85%D9%88%D8%A8%D8%A7%DB%8C%D9%84%D8%AF%D9%88%D8%B3%D8%AA-%D8%B4%D8%B1%D9%82-%D9%88-%D8%BA%D8%B1%D8%A8-%D8%AE%D8%B1%DB%8C%D8%AF-%D9%88-%D9%81%D8%B1%D9%88%D8%B4/AaYMJhQA
گوشی سامسونگ a55 128,۲ هفته پیش در آرژانتین,"۲۷,۰۰۰,۰۰۰ تومان",https://divar.ir/v/%DA%AF%D9%88%D8%B4%DB%8C-%D8%B3%D8%A7%D9%85%D8%B3%D9%88%D9%86%DA%AF-a55-128/AaYsoXhp
گوشی سامسونگ A55 5G اقساطی,در جمهوری,"۱۱,۰۰۰,۰۰۰ تومان",https://divar.ir/v/%DA%AF%D9%88%D8%B4%DB%8C-%D8%B3%D8%A7%D9%85%D8%B3%D9%88%D9%86%DA%AF-a55-5g-%D8%A7%D9%82%D8%B3%D8%A7%D8%B7%DB%8C/wZ27zIEH
سامسونگ Galaxy A25 ۲۵۶ 35 55 54 14 04 با دسته چک,در آرژانتین,"۱,۰۰۰,۰۰۰ تومان",https://divar.ir/v/%D8%B3%D8%A7%D9%85%D8%B3%D9%88%D9%86%DA%AF-galaxy-a25-%DB%B2%DB%B5%DB%B6-35-55-54-14-04-%D8%A8%D8%A7-%D8%AF%D8%B3%D8%AA%D9%87-%DA%86%DA%A9/gZUzAAU9
سامسونگ Galaxy A55 با حافظهٔ ۲۵۶ گیگابایت,در جهاد,"۱,۰۰۰ تومان",https://divar.ir/v/%D8%B3%D8%A7%D9%85%D8%B3%D9%88%D9%86%DA%AF-galaxy-a55-%D8%A8%D8%A7-%D8%AD%D8%A7%D9%81%D8%B8%D9%87%D9%94-%DB%B2%DB%B5%DB%B6-%DA%AF%DB%8C%DA%AF%D8%A7%D8%A8%D8%A7%DB%8C%D8%AA/AaOYhm95
گوشی سامسونگ A55 حافظه 256 +رنگ بندی,در ستارخان,"۵,۰۰۰,۰۰۰ تومان",https://divar.ir/v/%DA%AF%D9%88%D8%B4%DB%8C-%D8%B3%D8%A7%D9%85%D8%B3%D9%88%D9%86%DA%AF-a55-%D8%AD%D8%A7%D9%81%D8%B8%D9%87-256-%D8%B1%D9%86%DA%AF-%D8%A8%D9%86%D8%AF%DB%8C/AaMkJD-9
سامسونگ سامسونگ Galaxy A54 ۲۵۶ 55 35 34 15,در آرژانتین,"۱,۰۰۰,۰۰۰ تومان",https://divar.ir/v/%D8%B3%D8%A7%D9%85%D8%B3%D9%88%D9%86%DA%AF-%D8%B3%D8%A7%D9%85%D8%B3%D9%88%D9%86%DA%AF-galaxy-a54-%DB%B2%DB%B5%DB%B6-55-35-34-15/gZSbsQEF
سامسونگ Galaxy A55,۲ هفته پیش در جیحون,"۱۰,۰۰۰,۰۰۰ تومان",https://divar.ir/v/%D8%B3%D8%A7%D9%85%D8%B3%D9%88%D9%86%DA%AF-galaxy-a55/AaXcv_7O
سامسونگ Galaxy A55 با حافظهٔ ۲۵۶ گیگابایت,۲ هفته پیش در اتابک,"۷,۵۰۰,۰۰۰ تومان",https://divar.ir/v/%D8%B3%D8%A7%D9%85%D8%B3%D9%88%D9%86%DA%AF-galaxy-a55-%D8%A8%D8%A7-%D8%AD%D8%A7%D9%81%D8%B8%D9%87%D9%94-%DB%B2%DB%B5%DB%B6-%DA%AF%DB%8C%DA%AF%D8%A7%D8%A8%D8%A7%DB%8C%D8%AA/AaXA99yf
سامسونگ A55 5G,در مقدم,"۲۷,۰۰۰,۰۰۰ تومان",https://divar.ir/v/%D8%B3%D8%A7%D9%85%D8%B3%D9%88%D9%86%DA%AF-a55-5g/AaPsT_QA
سامسونگ ای ۵۵ Samsung A55,در جمهوری,"۳۱,۳۰۰,۰۰۰ تومان",https://divar.ir/v/%D8%B3%D8%A7%D9%85%D8%B3%D9%88%D9%86%DA%AF-%D8%A7%DB%8C-%DB%B5%DB%B5-samsung-a55/AaX0Vtop
همه نوع گوشی S23 S24 بایک برگ چک یا بازنشسته A55,در شهرک غرب,"۱۰۰,۰۰۰ تومان",https://divar.ir/v/%D9%87%D9%85%D9%87-%D9%86%D9%88%D8%B9-%DA%AF%D9%88%D8%B4%DB%8C-s23-s24-%D8%A8%D8%A7%DB%8C%DA%A9-%D8%A8%D8%B1%DA%AF-%DA%86%DA%A9-%DB%8C%D8%A7-%D8%A8%D8%A7%D8%B2%D9%86%D8%B4%D8%B3%D8%AA%D9%87-a55/wZnKjeAf
A55 آکبند رنگ سورمه ای,۳ هفته پیش در ارم,"۳۲,۴۰۰,۰۰۰ تومان",https://divar.ir/v/a55-%D8%A2%DA%A9%D8%A8%D9%86%D8%AF-%D8%B1%D9%86%DA%AF-%D8%B3%D9%88%D8%B1%D9%85%D9%87-%D8%A7%DB%8C/AaXYzZkJ
